strain,insertion: 12bp @ ref pos 0,insertion: 3bp @ ref pos 15,insertion: 42bp @ ref pos 289,insertion: 1bp @ ref pos 507,insertion: 1bp @ ref pos 755,insertion: 8bp @ ref pos 798,insertion: 7bp @ ref pos 882,insertion: 2bp @ ref pos 947,insertion: 3bp @ ref pos 1036,insertion: 3bp @ ref pos 1284,insertion: 3bp @ ref pos 1316,insertion: 3bp @ ref pos 1452,insertion: 3bp @ ref pos 1508,insertion: 55bp @ ref pos 1511,insertion: 1bp @ ref pos 1591,insertion: 13bp @ ref pos 1614
KF690131,GG,,,,,,,,,,,,,,,
MG181475,GG,,,,,,,AT,TAT,,,,,T,,
MG181508,GG,,,,,,,AT,TAT,,,,,T,,
LC465269,GG,,,,,,,AT,TAT,,,,,T,,
JF460829,GG,,,,,,,AT,TAT,,,,,T,,
JF460840,GG,,,,,,,AT,TAT,,,,,T,,
MG181904,GG,,,,,,,AT,TAT,,,,,T,,
AB741655,G,,,,,,,AT,TAT,,,,,T,,
KF447867,G,,,,,,,AT,TAT,,,,,T,,
KF447845,G,,,,,,,AT,TAT,,,,,T,,
KF447856,G,,,,,,,AT,TAT,,,,,T,,
KF041435,G,,,,,,,AT,TAT,,,,,T,,
KU363145,G,,,,,,,AC,TGT,,,,,AAA,,
KX362695,G,,,,,,,AC,TAT,,,,,T,,
FJ747631,G,,,,,,,AT,TAT,,,,,T,,
MK417786,G,,,,,,,AT,TAT,,,,,T,,
MH171417,G,,,,,,,AT,TAT,,,,,T,,
MH171403,G,,,,,,,AT,TAT,,,,,T,,
MH171414,G,,,,,,,AT,TAT,,,,,T,,
MH171415,G,,,,,,,AT,TAT,,,,,T,,
MH171416,G,,,,,,,AT,TAT,,,,,T,,
AB861962,G,,,,,,,AT,TAT,,,,,T,,
MH171405,G,,,,,,,AT,TAT,,,,,T,,
LC374165,G,,,,,,,AT,TAT,,,,,T,,
LC374198,G,,,,,,,AT,TAT,,,,,T,,
MH171402,G,,,,,,,AT,TAT,,,,,T,,
MH171404,G,,,,,,,AT,TAT,,,,,T,,
MH171407,G,,,,,,,AT,TAT,,,,,T,,
HQ670642,G,,,,,,,AT,TAT,,,,,T,,
LC173548,G,,,,,,,AT,TAT,,,,,T,,
LC173555,G,,,,,,,AT,TAT,,,,,T,,
LC173406,G,,,,,,,AT,TAT,,,,,T,,
LC173549,G,,,,,,,AT,TAT,,,,,T,,
LC173551,G,,,,,,,AT,TAT,,,,,T,,
LC173553,G,,,,,,,AT,TAT,,,,,T,,
LC173558,G,,,,,,,AT,TAT,,,,,T,,
LC173562,G,,,,,,,AT,TAT,,,,,T,,
LC173418,G,,,,,,,AT,TAT,,,,,T,,
LC173554,G,,,,,,,AT,TAT,,,,,T,,
LC173557,G,,,,,,,AT,TAT,,,,,T,,
GU199498,G,,,,,,,AT,TAT,,,,,T,,
KJ870928,G,,,,,,,AT,TAT,,,,,T,,
KX655490,G,,,,,,,AT,TAT,,,,,T,,
AB861951,G,,,,,,,AT,TAT,,,,,T,,
AB861973,G,,,,,,,AT,TAT,,,,,T,,
HQ670635,G,,,,,,,AT,TAT,,,,,T,,
MG181332,G,,,,,,,AT,TAT,,,,,T,,
MG181453,G,,,,,,,AT,TAT,,,,,T,,
MG181464,G,,,,,,,AT,TAT,,,,,T,,
MG181486,G,,,,,,,AT,TAT,,,,,T,,
GU199522,G,,,,,,,AT,TAT,,,,,T,,
LC173524,G,,,,,,,AT,TAT,,,,,T,,
LC173536,G,,,,,,,AT,TAT,,,,,T,,
MN106155,G,,,,,,,AT,TAT,,,,,T,,
MW384171,G,,,,,,,AT,TAT,,,,,T,,
MW384270,G,,,,,,,AT,TAT,,,,,T,,
LC173579,G,,,,,,,AT,TAT,,,,,T,,
LC173580,G,,,,,,,AT,TAT,,,,,T,,
LC173415,G,,,,,,,AT,TAT,,,,,T,,
LC173508,G,,,,,,,AT,TAT,,,,,T,,
LC173509,G,,,,,,,AT,TAT,,,,,T,,
LC173513,G,,,,,,,AT,TAT,,,,,T,,
LC173515,G,,,,,,,AT,TAT,,,,,T,,
LC173520,G,,,,,,,AT,TAT,,,,,T,,
LC173500,G,,,,,,,AT,TAT,,,,,T,,
LC173501,G,,,,,,,AT,TAT,,,,,T,,
LC173503,G,,,,,,,AT,TAT,,,,,T,,
LC173505,G,,,,,,,AT,TAT,,,,,T,,
LC173497,G,,,,,,,AT,TAT,,,,,T,,
LC173504,G,,,,,,,AT,TAT,,,,,T,,
LC173516,G,,,,,,,AT,TAT,,,,,T,,
LC173499,G,,,,,,,AT,TAT,,,,,T,,
LC173506,G,,,,,,,AT,TAT,,,,,T,,
LC173492,G,,,,,,,AT,TAT,,,,,T,,
LC173511,G,,,,,,,AT,TAT,,,,,T,,
LC173514,G,,,,,,,AT,TAT,,,,,T,,
LC173521,G,,,,,,,AT,TAT,,,,,T,,
LC173507,G,,,,,,,AT,TAT,,,,,T,,
LC173518,G,,,,,,,AT,TAT,,,,,T,,
LC173519,G,,,,,,,AT,TAT,,,,,T,,
LC173510,G,,,,,,,AT,TAT,,,,,T,,
LC173494,G,,,,,,,AT,TAT,,,,,T,,
LC173517,G,,,,,,,AT,TAT,,,,,T,,
LC173493,G,,,,,,,AT,TAT,,,,,T,,
MW384226,G,,,,,,,AT,TAT,,,,,T,,
MW384281,G,,,,,,,AT,TAT,,,,,T,,
LC173573,G,,,,,,,AT,TAT,,,,,T,,
MH182447,G,,,,,,,AT,TAT,,,,,T,,
MN417957,G,,,,,,,AT,TAT,,,,,T,,
MN417959,G,,,,,,,AT,TAT,,,,,T,,
MN417958,G,,,,,,,AT,TAT,,,,,T,,
LC367295,G,,,,,,,AT,TAT,,,,,T,,
LC374055,G,,,,,,,AT,TAT,,,,,T,,
LC374044,G,,,,,,,AT,TAT,,,,,T,,
KJ094894,G,,,,,,,AT,TAT,,,,,T,,C
KJ094893,G,,,,,,,AT,TAT,,,,,T,,C
KJ094892,G,,,,,,,AT,TAT,,,,,T,,C
KJ094896,G,,,,,,,AT,TAT,,,,,T,,C
KJ094895,G,,,,,,,AT,TAT,,,,,T,,C
MH171406,G,,,,,,,AT,TAT,,,,,T,,
MH171408,G,,,,,,,AT,TAT,,,,,T,,
MN106154,G,,,,,,,AT,TAT,,,,,T,,
LC173578,G,,,,,,,AT,TAT,,,,,T,,
KX362903,G,,,,,,,AT,TAT,,,,,T,,
KX363111,G,,,,,,,AT,TAT,,,,,T,,
KX363067,G,,,,,,,AT,TAT,,,,,T,,
KX363089,G,,,,,,,AT,TAT,,,,,T,,
KX362772,G,,,,,,,AT,TAT,,,,,T,,
KX362979,G,,,,,,,AT,TAT,,,,,T,,
KX363186,G,,,,,,,AT,TAT,,,,,T,,
KX362930,G,,,,,,,AT,TAT,,,,,T,,
KX363045,G,,,,,,,AT,TAT,,,,,T,,
KX363100,G,,,,,,,AT,TAT,,,,,T,,
KX363078,G,,,,,,,AT,TAT,,,,,T,,
KX362881,G,,,,,,,AT,TAT,,,,,T,,
KX363255,G,,,,,,,AT,TAT,,,,,T,,
KX363175,G,,,,,,,AT,TAT,,,,,,,
KX363203,G,,,,,,,AT,TAT,,,,,T,,
KX363056,G,,,,,,,AT,TAT,,,,,T,,
KX363299,G,,,,,,,AT,TAT,,,,,T,,
LC173400,G,,,,,,,AT,TAT,,,,,T,,
LC173409,G,,,,,,,AT,TAT,,,,,T,,
LC173413,G,,,,,,,AT,TAT,,,,,T,,
LC173414,G,,,,,,,AT,TAT,,,,,T,,
LC173416,G,,,,,,,AT,TAT,,,,,T,,
LC173399,G,,,,,,,AT,TAT,,,,,T,,
LC173417,G,,,,,,,AT,TAT,,,,,T,,
LC173411,G,,,,,,,AT,TAT,,,,,T,,
LC173405,G,,,,,,,AT,TAT,,,,,T,,
MN106159,G,,,,,,,AT,TAT,,,,,T,,
MG181541,G,,,,,,,AT,TAT,,,,,T,,
MG181563,G,,,,,,,AT,TAT,,,,,T,,
LC173550,G,,,,,,,AT,TAT,,,,,T,,
LC173552,G,,,,,,,AT,TAT,,,,,T,,
LC173556,G,,,,,,,AT,TAT,,,,,T,,
LC173560,G,,,,,,,AT,TAT,,,,,T,,
LC173561,G,,,,,,,AT,TAT,,,,,T,,
LC173566,G,,,,,,,AT,TAT,,,,,T,,
LC173564,G,,,,,,,AT,TAT,,,,,T,,
LC173563,G,,,,,,,AT,TAT,,,,,T,,
LC173577,G,,,,,,,AT,TAT,,,,,T,,
MN106156,G,,,,,,,AT,TAT,,,,,T,,
MN106158,G,,,,,,,AT,TAT,,,,,T,,
LC688296,G,,,,,,,AT,TAT,,,,,T,,
MZ165379,G,,,,,,,AT,TAT,,,,,T,,
MZ165380,G,,,,,,,AT,TAT,,,,,T,,
MZ165370,G,,,,,,,AT,TAT,,,,,T,,
MZ165371,G,,,,,,,AT,TAT,,,,,T,,
MZ165372,G,,,,,,,AT,TAT,,,,,T,,
MZ165373,G,,,,,,,AT,TAT,,,,,T,,
MZ165374,G,,,,,,,AT,TAT,,,,,T,,
MZ165375,G,,,,,,,AT,TAT,,,,,T,,
MZ165376,G,,,,,,,AT,TAT,,,,,T,,
MZ165377,G,,,,,,,AT,TAT,,,,,T,,
MZ165378,G,,,,,,,AT,TAT,,,,,T,,
MW384237,G,,,,,,,AT,TAT,,,,,T,,
MW383973,G,,,,,,,AT,TAT,,,,,T,,
MW384028,G,,,,,,,AT,TAT,,,,,T,,
MW384160,G,,,,,,,AT,TAT,,,,,T,,
MW384017,G,,,,,,,AT,TAT,,,,,T,,
MW384072,G,,,,,,,AT,TAT,,,,,T,,
MW384105,G,,,,,,,AT,TAT,,,,,T,,
MW384182,G,,,,,,,AT,TAT,,,,,T,,
MW384193,G,,,,,,,AT,TAT,,,,,T,,
MW384006,G,,,,,,,AT,TAT,,,,,T,,
MW384094,G,,,,,,,AT,TAT,,,,,T,,
MW384204,G,,,,,,,AT,TAT,,,,,T,,
MW384259,G,,,,,,,AT,TAT,,,,,T,,
MW384215,G,,,,,,,AT,TAT,,,,,T,,
MW384248,G,,,,,,,AT,TAT,,,,,T,,
MW383995,G,,,,,,,AT,TAT,,,,,T,,
MW384050,G,,,,,,,AT,TAT,,,,,T,,
MW384061,G,,,,,,,AT,TAT,,,,,T,,
MW384039,G,,,,,,,AT,TAT,,,,,T,,
MN106157,G,,,,,,,AT,TAT,,,,,T,,
KX632315,G,,,,,,,AT,TAT,,,,,T,,
KX632326,G,,,,,,,AT,TAT,,,,,T,,
FJ747620,G,,,,,,,AT,TAT,,,,,T,,
MG181343,G,,,,,,,AT,TAT,,,,,T,,
MG181354,G,,,,,,,AT,TAT,,,,,T,,
MG181409,G,,,,,,,AT,TAT,,,,,T,,
MG181442,G,,,,,,,AT,TAT,,,,,T,,
MG181376,G,,,,,,,AT,TAT,,,,,T,,
MG181420,G,,,,,,,AT,TAT,,,,,T,,
MH171411,G,,,,,,,AT,TAT,,,,,T,,
MH171412,G,,,,,,,AT,TAT,,,,,T,,
KF371693,G,,,,,,,AT,TAT,,,,,T,,
KF371672,G,,,,,,,AT,TAT,,,,,T,,
KF371683,G,,,,,,,AT,TAT,,,,,T,,
LC173538,G,,,,,,,AT,TAT,,,,,T,,
LC173545,G,,,,,,,AT,TAT,,,,,T,,
LC173528,G,,,,,,,AT,TAT,,,,,T,,
LC173533,G,,,,,,,AT,TAT,,,,,T,,
LC173565,G,,,,,,,AT,TAT,,,,,T,,
LC173541,G,,,,,,,AT,TAT,,,,,T,,
LC173586,G,,,,,,,AT,TAT,,,,,T,,
LC173585,G,,,,,,,AT,TAT,,,,,T,,
LC173477,G,,,,,,,AT,TAT,,,,,T,,
LC173445,G,,,,,,,AT,TAT,,,,,T,,
MN106153,G,,,,,,,AT,TAT,,,,,T,,
MW384149,G,,,,,,,AT,TAT,,,,,T,,
MW384116,G,,,,,,,AT,TAT,,,,,T,,
MW384127,G,,,,,,,AT,TAT,,,,,T,,
MW384138,G,,,,,,,AT,TAT,,,,,T,,
MW383984,G,,,,,,,AT,TAT,,,,,T,,
MW384083,G,,,,,,,AT,TAT,,,,,T,,
KF371662,G,,,,,,,AT,TAT,,,,,T,,
KU714439,G,,,,,,,AT,TAT,,,,,G,,
MG181937,G,,,,,,,AT,TAT,,,,,T,,
MG181244,G,,,,,,,AT,TAT,,,,,T,,
MG181266,G,,,,,,,AT,TAT,,,,,T,,
MG181365,G,,,,,,,AT,TAT,,,,,T,,
MG181398,G,,,,,,,AT,TAT,,,,,C,,
MG181288,G,,,,,,,AT,TAT,,,,,T,,
MG181299,G,,,,,,,AT,TAT,,,,,T,,
MG181310,G,,,,,,,AT,TAT,,,,,T,,
MG181277,G,,,,,,,AT,TAT,,,,,T,,
GQ414546,G,,,,,,,AT,TAT,,,,,T,,
JF304932,G,,,,,,,AT,TAT,,,,,T,,
HQ641359,G,,,,,,,AT,TAT,,,,,T,,
KU356580,G,,,,,,,AT,TAT,,,,,T,,
KU356591,G,,,,,,,AT,TAT,,,,,T,,
HQ641368,G,,,,,,,AT,TAT,,,,,T,,
KU199276,G,,,,,,,AT,TAT,,,,,T,,
KU248389,G,,,,,,,AT,TAT,,,,,T,,
KU248378,G,,,,,,,AT,TAT,,,,,T,,
KU248434,G,,,,,,,AT,TAT,,,,,T,,
KU248411,G,,,,,,,AT,TAT,,,,,T,,
KU248400,G,,,,,,,AT,TAT,,,,,T,,
KU356646,G,,,,,,,AT,TAT,,,,,T,,
KU356668,G,,,,,,,AT,TAT,,,,,T,,
KU356657,G,,,,,,,AT,TAT,,,,,T,,
KU199287,G,,,,,,,AT,TAT,,,,,T,,
KU356624,G,,,,,,,AT,TAT,,,,,T,,
MG181915,G,,,,,,,AT,TAT,,,,,T,,
MG181926,G,,,,,,,AT,TAT,,,,,T,,
MG181321,G,,,,,,,AT,TAT,,,,,T,,
MG181838,G,,,,,,,AT,TAT,,,,,T,,
MG181827,G,,,,,,,AT,TAT,,,,,T,,
MG181585,G,,,,,,,AT,TAT,,,,,T,,
MG181607,G,,,,,,,AT,TAT,,,,,T,,
MG181673,G,,,,,,,AT,TAT,,,,,T,,
MG181574,G,,,,,,,AT,TAT,,,,,T,,
MG181651,G,,,,,,,AT,TAT,,,,,T,,
MG181596,G,,,,,,,AT,TAT,,,,,T,,
MG181618,G,,,,,,,AT,TAT,,,,,T,,
MG181629,G,,,,,,,AT,TAT,,,,,T,,
MG181695,G,,,,,,,AT,TAT,,,,,T,,
MG181728,G,,,,,,,AT,TAT,,,,,T,,
MG181706,G,,,,,,,AT,TAT,,,,,T,,
MG181739,G,,,,,,,AT,TAT,,,,,T,,
MG181750,G,,,,,,,AT,TAT,,,,,T,,
MG181640,G,,,,,,,AT,TAT,,,,,T,,
MG181717,G,,,,,,,AT,TAT,,,,,T,,
MG181761,G,,,,,,,AT,TAT,,,,,T,,
KC782514,G,,,,,,,AT,TAT,,,,,T,,
KT936621,G,,,,,,,AT,TAT,,,,,T,,
KU059794,G,,,,,,,AT,TAT,,,,,T,,
KU059772,G,,,,,,,AT,TAT,,,,,T,,
KU059783,G,,,,,,,AT,TAT,,,,,T,,
KP007165,G,,,,,,,AT,TAT,,,,,T,,
KP007187,G,,,,,,,AT,TAT,,,,,T,,
KP007207,G,,,,,,,AT,TAT,,,,,T,,
KP007196,G,,,,,,,AT,TAT,,,,,T,,
LC066656,G,,,,,,,AT,TAT,,,,,T,,
LC066667,G,,,,,,,AT,TAT,,,,,T,,
LC173543,G,,,,,,,AT,TAT,,,,,T,,
LC173546,G,,,,,,,AT,TAT,,,,,T,,
LC173404,G,,,,,,,AT,TAT,,,,,T,,
LC173407,G,,,,,,,AT,TAT,,,,,T,,
LC173420,G,,,,,,,AT,TAT,,,,,T,,
LC173422,G,,,,,,,AT,TAT,,,,,T,,
LC173468,G,,,,,,,AT,TAT,,,,,T,,
LC173476,G,,,,,,,AT,TAT,,,,,T,,
LC173483,G,,,,,,,AT,TAT,,,,,T,,
LC173485,G,,,,,,,AT,TAT,,,,,T,,
LC173523,G,,,,,,,AT,TAT,,,,,T,,
LC173537,G,,,,,,,AT,TAT,,,,,T,,
LC173434,G,,,,,,,AT,TAT,,,,,T,,
LC173438,G,,,,,,,AT,TAT,,,,,T,,
LC173439,G,,,,,,,AT,TAT,,,,,T,,
LC173443,G,,,,,,,AT,TAT,,,,,T,,
LC173446,G,,,,,,,AT,TAT,,,,,T,,
LC173448,G,,,,,,,AT,TAT,,,,,T,,
LC173449,G,,,,,,,AT,TAT,,,,,T,,
LC173450,G,,,,,,,AT,TAT,,,,,T,,
LC173451,G,,,,,,,AT,TAT,,,,,T,,
LC173455,G,,,,,,,AT,TAT,,,,,T,,
LC173460,G,,,,,,,AT,TAT,,,,,T,,
LC173425,G,,,,,,,AT,TAT,,,,,T,,
LC173430,G,,,,,,,AT,TAT,,,,,T,,
LC173431,G,,,,,,,AT,TAT,,,,,T,,
LC463287,G,,,,,,,AT,TAT,,,,,T,,
LC465258,G,,,,,,,AT,TAT,,,,,T,,
LC173567,G,,,,,,,AT,TAT,,,,,T,,
LC173570,G,,,,,,,AT,TAT,,,,,T,,
LC173571,G,,,,,,,AT,TAT,,,,,T,,
LC173467,G,,,,,,,AT,TAT,,,,,T,,
LC173469,G,,,,,,,AT,TAT,,,,,T,,
LC173470,G,,,,,,,AT,TAT,,,,,T,,
LC173433,G,,,,,,,AT,TAT,,,,,T,,
LC173482,G,,,,,,,AT,TAT,,,,,T,,
LC173484,G,,,,,,,AT,TAT,,,,,T,,
LC173522,G,,,,,,,AT,TAT,,,,,T,,
LC173532,G,,,,,,,AT,TAT,,,,,T,,
LC173444,G,,,,,,,AT,TAT,,,,,T,,
LC173427,G,,,,,,,AT,TAT,,,,,T,,
LC173487,G,,,,,,,AT,TAT,,,,,T,,
LC173466,G,,,,,,,AT,TAT,,,,,T,,
LC173480,G,,,,,,,AT,TAT,,,,,T,,
LC173436,G,,,,,,,AT,TAT,,,,,T,,
LC173426,G,,,,,,,AT,TAT,,,,,T,,
LC173458,G,,,,,,,AT,TAT,,,,,T,,
LC173544,G,,,,,,,AT,TAT,,,,,T,,
LC173512,G,,,,,,,AT,TAT,,,,,T,,
LC173530,G,,,,,,,AT,TAT,,,,,T,,
LC173547,G,,,,,,,AT,TAT,,,,,T,,
LC173489,G,,,,,,,AT,TAT,,,,,T,,
LC173479,G,,,,,,,AT,TAT,,,,,T,,
LC173572,G,,,,,,,AT,TAT,,,,,T,,
LC173539,G,,,,,,,AT,TAT,,,,,T,,
LC173412,G,,,,,,,AT,TAT,,,,,T,,
LC173421,G,,,,,,,AT,TAT,,,,,T,,
LC173463,G,,,,,,,AT,TAT,,,,,T,,
LC173464,G,,,,,,,AT,TAT,,,,,T,,
LC173472,G,,,,,,,AT,TAT,,,,,T,,
LC173473,G,,,,,,,AT,TAT,,,,,T,,
LC173478,G,,,,,,,AT,TAT,,,,,T,,
LC173527,G,,,,,,,AT,TAT,,,,,T,,
LC173535,G,,,,,,,AT,TAT,,,,,T,,
LC173432,G,,,,,,,AT,TAT,,,,,T,,
LC173435,G,,,,,,,AT,TAT,,,,,T,,
LC173424,G,,,,,,,AT,TAT,,,,,T,,
LC173429,G,,,,,,,AT,TAT,,,,,T,,
LC465280,G,,,,,,,AT,TAT,,,,,T,,
LC173559,G,,,,,,,AT,TAT,,,,,T,,
LC173465,G,,,,,,,AT,TAT,,,,,T,,
LC173486,G,,,,,,,AT,TAT,,,,,T,,
LC173456,G,,,,,,,AT,TAT,,,,,T,,
LC173491,G,,,,,,,AT,TAT,,,,,T,,
LC173437,G,,,,,,,AT,TAT,,,,,G,,
LC173428,G,,,,,,,AT,TAT,,,,,G,,
LC066645,G,,,,,,,AT,TAT,,,,,T,,
LC173403,G,,,,,,,AT,TAT,,,,,T,,
LC173475,G,,,,,,,AT,TAT,,,,,T,,
LC173447,G,,,,,,,AT,TAT,,,,,T,,
LC173461,G,,,,,,,AT,TAT,,,,,T,,
LC173542,G,,,,,,,AT,TAT,,,,,T,,
LC173459,G,,,,,,,AT,TAT,,,,,T,,
LC173410,G,,,,,,,AT,TAT,,,,,T,,
LC173462,G,,,,,,,AT,TAT,,,,,T,,
LC173442,G,,,,,,,AT,TAT,,,,,T,,
LC173419,G,,,,,,,AT,TAT,,,,,T,,
LC173441,G,,,,,,,AT,TAT,,,,,T,,
LC173423,G,,,,,,,AT,TAT,,,,,T,,
LC173454,G,,,,,,,AT,TAT,,,,,T,,
LC173408,G,,,,,,,AT,TAT,,,,,T,,
LC173488,G,,,,,,,AT,TAT,,,,,T,,
LC173471,G,,,,,,,AT,TAT,,,,,T,,
LC173440,G,,,,,,,AT,TAT,,,,,T,,
LC173453,G,,,,,,,AT,TAT,,,,,T,,
LC173534,G,,,,,,,AT,TAT,,,,,T,,
LC173490,G,,,,,,,AT,TAT,,,,,T,,
LC173402,G,,,,,,,AT,TAT,,,,,T,,
LC173457,G,,,,,,,AT,TAT,,,,,T,,
LC173452,G,,,,,,,AT,TAT,,,,,T,,
LC173531,G,,,,,,,AT,TAT,,,,,T,,
LC173474,G,,,,,,,AT,TAT,,,,,T,,
LC463298,G,,,,,,,AT,TAT,,,,,T,,
MN401294,G,,,,,,,AT,TAT,,,,,T,,
KU550298,G,,,,,,,AT,TAT,,,,,T,,
KU550300,G,,,,,,,AT,TAT,,,,,T,,
KU550303,G,,,,,,,AT,TAT,,,,,T,,
KU550302,G,,,,,,,AT,TAT,,,,,T,,
KU550299,G,,,,,,,AT,TAT,,,,,T,,
KU550301,G,,,,,,,AT,TAT,,,,,T,,
LC542344,G,,,,,,,AT,TAT,,,,,T,,
LC542454,G,,,,,,,AT,TAT,,,,,T,,
LC542509,G,,,,,,,AT,TAT,,,,,T,,
LC542257,G,,,,,,,AT,TAT,,,,,T,,
MF044093,G,,,,,,,AT,TAT,,,,,T,,
LC542366,G,,,,,,,AT,TAT,,,,,T,,
LC542520,G,,,,,,,AT,TAT,,,,,T,,
KX880420,G,,,,,,,AT,TAT,,,,,T,,
OK349184,G,,,,,,,AT,TAT,,,,,T,,
OK349195,G,,,,,,,AT,TAT,,,,,T,,
KJ639029,G,,,,,,,AT,TAT,,,,,T,,
KJ639018,G,,,,,,,AT,TAT,,,,,T,,
LC542032,G,,,,,,,AT,TAT,,,,,T,,
KP007154,G,,,,,,,AT,TAT,,,,,T,,
KP007176,G,,,,,,,AT,TAT,,,,,T,,
KU248422,G,,,,,,,AT,TAT,,,,,T,,
MG181893,G,,,,,,,AT,TAT,,,,,T,,
MG181772,G,,,,,,,AT,TAT,,,,,T,,
MG181882,G,,,,,,,AT,TAT,,,,,T,,
MG181849,G,,,,,,,AT,TAT,,,,,T,,
KJ870884,G,,,,,,,AT,TAT,,,,,T,,
KJ870895,G,,,,,,,AT,TAT,,,,,T,,
KX655479,G,,,,,,,AT,TAT,,,,,T,,
LC406803,G,,,,,,,AT,TAT,,,,,T,,
KX632337,G,,,,,,,AT,TAT,,,,,T,,
KX632260,G,,,,,,,AT,TAT,,,,,T,,
LC406836,G,,,,,,,AT,TAT,,,,,T,,
LC406825,G,,,,,,,AT,TAT,,,,,T,,
KX655523,G,,,,,,,AT,TAT,,,,,T,,
KX655501,G,,,,,,,AT,TAT,,,,,T,,
KX655468,G,,,,,,,AT,TAT,,,,,T,,
MG181684,G,,,,,,,AT,TAT,,,,,T,,
MG181783,G,,,,,,,AT,TAT,,,,,T,,
MG181805,G,,,,,,,AT,TAT,,,,,T,,
MG181860,G,,,,,,,AT,TAT,,,,,T,,
MG181794,G,,,,,,,AT,TAT,,,,,T,,
MG181871,G,,,,,,,AT,TAT,,,,,T,,
MG181662,G,,,,,,,AT,TAT,,,,,T,,
KX632282,G,,,,,,,AT,TAT,,,,,T,,
KX655512,G,,,,,,,AT,TAT,,,,,T,,
LC173540,G,,,,,,,AT,TAT,,,,,T,,
LC173526,G,,,,,,,AT,TAT,,,,,T,,
LC173568,G,,,,,,,AT,TAT,,,,,T,,
LC173574,G,,,,,,,AT,TAT,,,,,T,,
LC173575,G,,,,,,,AT,TAT,,,,,T,,
LC173582,G,,,,,,,AT,TAT,,,,,T,,
LC173529,G,,,,,,,AT,TAT,,,,,T,,
LC173576,G,,,,,,,AT,TAT,,,,,T,,
LC173581,G,,,,,,,AT,TAT,,,,,T,,
LC173584,G,,,,,,,AT,TAT,,,,,T,,
LC173569,G,,,,,,,AT,TAT,,,,,T,,
KX363129,G,,,,,,,AT,TAT,,,,,T,,
KX362838,G,,,,,,,AT,TAT,,,,,T,,
KX363256,G,,,,,,,AT,TAT,,,,,T,,
KX362783,G,,,,,,,AT,TAT,,,,,T,,
KX362728,G,,,,,,,AT,TAT,,,,,T,,
KX362805,G,,,,,,,AT,TAT,,,,,T,,
KX362618,G,,,,,,,AT,TAT,,,,,,,
KX362750,G,,,,,,,AT,TAT,,,,,T,,
LC173525,G,,,,,,,AT,TAT,,,,,T,,
LC173496,G,,,,,,,AT,TAT,,,,,T,,
LC173502,G,,,,,,,AT,TAT,,,,,T,,
LC173495,G,,,,,,,AT,TAT,,,,,T,,
LC173498,G,,,,,,,AT,TAT,,,,,T,,
KX655457,G,,,,,,,AT,CAT,,,,,T,,
MH182448,G,,,,,,,AT,TAT,,,,,T,,
MH182451,G,,,,,,,AT,TAT,,,,,T,,
MH182449,G,,,,,,,AT,TAT,,,,,T,,
MT005293,G,,,,,,,AT,TAT,,,,,T,,
KU356602,G,,,,,,,AT,TAT,,,,,T,,
KU356635,G,,,,,,,AT,TAT,,,,,T,,
KU356613,G,,,,,,,AT,TAT,,,,,T,,
LC386082,G,,,,,,,AT,TAT,,,,,T,,
MH060114,G,,,,,,,AT,GAT,,,,,,,
MH060124,G,,,,,,,AT,TAT,,,,,,,
JF304921,G,,,,,,,AT,TAT,,,,,T,,
JX307615,G,,,,,,,AT,CAT,,,,,T,,
JX307617,G,,,,,,,AT,TAT,,,,,T,,
JX307618,G,,,,,,,AT,CAT,,,,,T,,
JX307616,G,,,,,,,AT,TAT,,,,,T,,
KX655446,G,,,,,,,AT,TAT,,,,,T,,
JF421981,G,,,,,AAT,,GT,TAT,,GGA,,,A,,
KF500514,G,,,,,AAT,,GT,TAT,,GGA,,,A,,
LC384336,G,,,,,AAT,,GT,TGT,,GGA,,,A,,
KJ411436,G,,,,,AAT,,GT,TGT,,GGA,,,A,,
KU714450,G,,,,,GAT,,AC,TAT,,GAA,,,GCAA,,
KU128898,G,,,,,GAT,,AC,TAT,,GAA,,,ACAA,,
KF360200,G,G,,,,AGTGGAAC,,GT,TTT,TTG,,,TCT,A,,AGGGC
KF360201,G,G,,,,AGTGGAAC,,GT,TTT,TTG,,,TCT,A,,AGGGC
KF185099,G,G,,,,AGTGGAAC,,GT,TTT,TTG,,,TCT,A,,A
KR632626,G,A,,,,CACATGAA,,AT,TTT,CTA,,,GAT,TTACTCATTATTTCGTGAAAAGTACAATTAATTCGTATGCACCTGTATGTTTA,,
MG181387,CG,,,,,,,AT,TAT,,,,,T,,
KJ870906,TTG,,,,,,,AT,TAT,,,,,T,,
MH704726,TGTAAAACGACG,,,,,,,AT,TAT,,,,,T,,AGCTGGTTTCCTG
MH704727,TGTAAAACGACG,,,,,,,AT,TAT,,,,,T,,AGCTGGTTTCCTG
MG181233,,CTA,,,,,,AT,TAT,,,,,T,,
MG181255,,CTA,,,,,,AT,TAT,,,,,T,,
KC769366,,,,G,,,,AT,TAT,,,,,T,,
KX880442,,,,,,AAT,,GT,TAT,,GGA,,,A,,
JQ715659,,,,,,AAT,,GT,TAT,,GGA,,,,,
JF805005,,,,,,AAT,,GT,TGT,,GGA,,,,,
KJ820897,,,,,,AAT,,GT,TAT,,GGA,,,A,,
KJ820864,,,,,,AAT,,GT,TAT,,GGA,,,A,,
KJ820853,,,,,,AAT,,GT,TAT,,GGA,,,A,,
KJ820909,,,,,,AAT,,GT,TAT,,GGA,,,A,,
KJ820831,,,,,,AAT,,GT,TAT,,GGA,,,A,,
KC443593,,,,,,AAT,,GT,TGT,,GGA,,,A,,
KT919442,,,,,,AAT,,GT,TGT,,GGA,,,A,,
KJ412593,,,,,,AAT,,GT,TGT,,GGA,,,A,,
KJ412570,,,,,,AAT,,GT,TGT,,GGA,,,A,,
KJ412836,,,,,,AAT,,GT,TGT,,GGA,,,A,,
KJ412803,,,,,,AAT,,GT,TGT,,GGA,,,A,,
KJ412716,,,,,,AAT,,GT,TGT,,GGA,,,A,,
KJ412526,,,,,,AAT,,GT,TGT,,GGA,,,A,,
KJ626541,,,,,,AAT,,GT,TGT,,GGA,,,A,,
LC336594,,,,,,AAT,,GT,TGT,,GGA,,,A,,
MT276809,,,,,,AGT,,GT,TAT,,GGA,,,A,,
KJ412814,,,,,,GAT,,GT,TAT,,GGA,,,A,,
KJ412901,,,,,,GAT,,GT,TAT,,GGA,,,A,,
KJ412792,,,,,,GAT,,GT,TAT,,GGA,,,A,,
KJ412615,,,,,,GAT,,GT,TAT,,GGA,,,A,,
KJ412847,,,,,,GAT,,GT,TAT,,GGA,,,A,,
KJ412672,,,,,,GAT,,GT,TAT,,GGA,,,A,,
JX040426,,,,,,GAT,,AC,TAT,,GAA,,,GCAG,,
JX567764,,,,,,GAT,,AC,TAT,,GAA,,,AAA,,
KY113326,,,,,,GAC,,AT,TAT,,GAA,,,GCAG,,
KY113347,,,,,,GAC,,AT,TAT,,GAA,,,GCAG,,
JX094034,,,,,,AGC,,GT,TAT,,GAA,,,AGTA,,
MW292235,,,,,,AAC,,GT,TAT,,GAA,,,AATG,,
KF360203,,,,,,AGTGGAAC,,GT,TTT,TTG,,,,,,
KF360204,,,,,,AGTGGAAC,,GT,TTT,TTG,,,,,,
KF360202,,,,,,AGTGGAAC,,GT,TTT,TTG,,,,,,
KF360199,,,,,,AGTGGAAC,,GT,TTT,TTG,,,,,,
KX618242,,,,,,AGTGGAAC,,GT,TTT,TTG,,,,,,
KX257415,,,,,,AATGGAAA,,GT,TAT,TTG,,,TCC,,,
FJ154080,,,,,,,,AT,TGT,,,,,T,,
FJ154083,,,,,,,,AT,TGT,,,,,T,,
KC412033,,,,,,,,AT,TGT,,,,,T,,
KJ412559,,,,,,,,AT,TGT,,,,,T,,
KC412034,,,,,,,,AT,TGT,,,,,T,,
HG513049,,,,,,,,AT,TAT,,,,,T,,
LC569886,,,,,,,,AT,TAT,,,,,T,,
LC569897,,,,,,,,AT,TAT,,,,,T,,
KY634809,,,,,,,,AT,TAT,,,,,,,
MK597988,,,,,,,,AT,TAT,,,,,,,
KF726072,,,,,,,,AT,TAT,,,,,T,,
KU740022,,,,,,,,AT,TAT,,,,,T,,
KU740002,,,,,,,,AT,TAT,,,,,T,,
LC061629,,,,,,,,AT,TGT,,,,,TAT,,
LC374132,,,,,,,,AT,TAT,,,,,T,,
MN067149,,,,,,,,AT,TAT,,,,,T,,
MN067105,,,,,,,,AT,TAT,,,,,T,,
MZ097075,,,,,,,,AT,TAT,,,,,,,
MZ097119,,,,,,,,AT,TAT,,,,,,,
MZ097291,,,,,,,,AT,TAT,,,,,,,
MZ095360,,,,,,,,AT,TAT,,,,,,,
MZ095503,,,,,,,,AT,TAT,,,,,,,
MZ095557,,,,,,,,AT,TAT,,,,,,,
MZ095579,,,,,,,,AT,TAT,,,,,,,
MZ095655,,,,,,,,AT,TAT,,,,,,,
MZ095842,,,,,,,,AT,TAT,,,,,,,
MZ095853,,,,,,,,AT,TAT,,,,,,,
MZ095886,,,,,,,,AT,TAT,,,,,,,
MZ095546,,,,,,,,AT,TAT,,,,,,,
MZ095590,,,,,,,,AT,TAT,,,,,,,
MZ095677,,,,,,,,AT,TAT,,,,,,,
MZ095644,,,,,,,,AT,TAT,,,,,,,
MZ095732,,,,,,,,AT,TAT,,,,,,,
MZ095831,,,,,,,,AT,TAT,,,,,,,
MZ096192,,,,,,,,AT,TAT,,,,,,,
MZ095470,,,,,,,,AT,TAT,,,,,,,
MZ095481,,,,,,,,AT,TAT,,,,,,,
MZ095514,,,,,,,,AT,TAT,,,,,,,
MZ095743,,,,,,,,AT,TAT,,,,,,,
MZ095941,,,,,,,,AT,TAT,,,,,,,
MZ095525,,,,,,,,AT,TAT,,,,,,,
MZ095623,,,,,,,,AT,TAT,,,,,,,
MZ095798,,,,,,,,AT,TAT,,,,,,,
MZ095897,,,,,,,,AT,TAT,,,,,,,
MZ095930,,,,,,,,AT,TAT,,,,,,,
MZ095985,,,,,,,,AT,TAT,,,,,,,
MZ095371,,,,,,,,AT,TAT,,,,,,,
MZ095404,,,,,,,,AT,TAT,,,,,,,
MZ095448,,,,,,,,AT,TAT,,,,,,,
MZ095721,,,,,,,,AT,TAT,,,,,,,
MZ095666,,,,,,,,AT,TAT,,,,,,,
MZ095754,,,,,,,,AT,TAT,,,,,,,
MZ096051,,,,,,,,AT,TAT,,,,,,,
MZ095699,,,,,,,,AT,TAT,,,,,,,
MZ095765,,,,,,,,AT,TAT,,,,,,,
MZ095809,,,,,,,,AT,TAT,,,,,,,
MZ095864,,,,,,,,AT,TAT,,,,,,,
MZ096029,,,,,,,,AT,TAT,,,,,,,
MZ095908,,,,,,,,AT,TAT,,,,,,,
MZ095415,,,,,,,,AT,TAT,,,,,,,
MZ095459,,,,,,,,AT,TAT,,,,,,,
MZ095601,,,,,,,,AT,TAT,,,,,,,
MZ095776,,,,,,,,AT,TAT,,,,,,,
MZ095536,,,,,,,,AT,TAT,,,,,,,
MZ095349,,,,,,,,AT,TAT,,,,,,,
MZ095382,,,,,,,,AT,TAT,,,,,,,
MZ095426,,,,,,,,AT,TAT,,,,,,,
MZ095437,,,,,,,,AT,TAT,,,,,,,
MZ095568,,,,,,,,AT,TAT,,,,,,,
MZ095634,,,,,,,,AT,TAT,,,,,,,
MZ095688,,,,,,,,AT,TAT,,,,,,,
MZ095710,,,,,,,,AT,TAT,,,,,,,
MZ095787,,,,,,,,AT,TAT,,,,,,,
MZ095492,,,,,,,,AT,TAT,,,,,,,
MZ095963,,,,,,,,AT,TAT,,,,,,,
MZ095820,,,,,,,,AT,TAT,,,,,,,
MZ095875,,,,,,,,AT,TAT,,,,,,,
MZ095952,,,,,,,,AT,TAT,,,,,,,
MZ095612,,,,,,,,AT,TAT,,,,,,,
MZ095974,,,,,,,,AT,TAT,,,,,,,
MZ097280,,,,,,,,AT,TAT,,,,,,,
MZ097302,,,,,,,,AT,TAT,,,,,,,
MZ097097,,,,,,,,AT,TAT,,,,,,,
MZ097108,,,,,,,,AT,TAT,,,,,,,
MZ096007,,,,,,,,AT,TAT,,,,,,,
MZ097130,,,,,,,,AT,TAT,,,,,,,
MZ097141,,,,,,,,AT,TAT,,,,,,,
MZ097152,,,,,,,,AT,TAT,,,,,,,
MZ096245,,,,,,,,AT,TAT,,,,,,,
MZ096256,,,,,,,,AT,TAT,,,,,,,
MZ096267,,,,,,,,AT,TAT,,,,,,,
MZ096408,,,,,,,,AT,TAT,,,,,,,
KJ753566,,,,,,,,AT,TAT,,,,,T,,
KJ752580,,,,,,,,AT,TAT,,,,,T,,
KJ752145,,,,,,,,AT,TAT,,,,,T,,
MN067064,,,,,,,,AT,TAT,,,,,T,,
KJ752010,,,,,,,,AT,TAT,,,,,T,,
MN066767,,,,,,,,AT,TAT,,,,,T,,
MN066977,,,,,,,,AT,TAT,,,,,T,,
MN066860,,,,,,,,AT,TAT,,,,,T,,
MN067127,,,,,,,,AT,TAT,,,,,T,,
MN066849,,,,,,,,AT,TAT,,,,,T,,
MN066908,,,,,,,,AT,TAT,,,,,T,,
MN067031,,,,,,,,AT,TAT,,,,,T,,
MN066817,,,,,,,,AT,TAT,,,,,T,,
KJ752167,,,,,,,,AT,TAT,,,,,T,,
KJ753452,,,,,,,,AT,TAT,,,,,T,,
KJ753555,,,,,,,,AT,TAT,,,,,T,,
KP753162,,,,,,,,AT,TAT,,,,,T,,
KJ752885,,,,,,,,AT,TAT,,,,,T,,
KJ753142,,,,,,,,AT,TAT,,,,,T,,
KJ752222,,,,,,,,AT,TAT,,,,,T,,
KJ753374,,,,,,,,AT,TAT,,,,,T,,
KJ753210,,,,,,,,AT,TAT,,,,,T,,
MN067194,,,,,,,,AT,TAT,,,,,T,,
KJ412694,,,,,,,,AT,TAT,,,,,T,,
KJ412727,,,,,,,,AT,TAT,,,,,T,,
KJ412637,,,,,,,,AT,TAT,,,,,T,,
KC443483,,,,,,,,AT,TAT,,,,,T,,
KT918881,,,,,,,,AT,TAT,,,,,T,,
KT919806,,,,,,,,AT,TAT,,,,,T,,
KT918463,,,,,,,,AT,TAT,,,,,T,,
KT919542,,,,,,,,AT,TAT,,,,,T,,
KT918507,,,,,,,,AT,TAT,,,,,T,,
KT919167,,,,,,,,AT,TAT,,,,,T,,
MF469141,,,,,,,,AT,TAT,,,,,T,,
KT919398,,,,,,,,AT,TAT,,,,,T,,
KT918947,,,,,,,,AT,TAT,,,,,T,,
KT918958,,,,,,,,AT,TAT,,,,,T,,
KT918518,,,,,,,,AT,TAT,,,,,T,,
KT919520,,,,,,,,AT,TAT,,,,,T,,
KT918826,,,,,,,,AT,TAT,,,,,T,,
KT918738,,,,,,,,AT,TAT,,,,,T,,
KT919476,,,,,,,,AT,TAT,,,,,T,,
KT918430,,,,,,,,AT,TAT,,,,,T,,
MF168068,,,,,,,,AT,TAT,,,,,T,,
MF168365,,,,,,,,AT,TAT,,,,,T,,
MF469261,,,,,,,,AT,TAT,,,,,T,,
KT918705,,,,,,,,AT,TAT,,,,,T,,
KT919123,,,,,,,,AT,TAT,,,,,T,,
KT919288,,,,,,,,AT,TAT,,,,,T,,
KT919652,,,,,,,,AT,TAT,,,,,T,,
KT919850,,,,,,,,AT,TAT,,,,,T,,
KT919740,,,,,,,,AT,TAT,,,,,T,,
KT918529,,,,,,,,AT,TAT,,,,,T,,
KT919145,,,,,,,,AT,TAT,,,,,T,,
KT918914,,,,,,,,AT,TAT,,,,,T,,
KT919938,,,,,,,,AT,TAT,,,,,T,,
KT919101,,,,,,,,AT,TAT,,,,,T,,
KT918683,,,,,,,,AT,TAT,,,,,T,,
MF168041,,,,,,,,AT,TAT,,,,,T,,
KT919387,,,,,,,,AT,TAT,,,,,T,,
KT919321,,,,,,,,AT,TAT,,,,,T,,
KT919134,,,,,,,,AT,TAT,,,,,T,,
KT919630,,,,,,,,AT,TAT,,,,,T,,
KT919310,,,,,,,,AT,TAT,,,,,T,,
KT918628,,,,,,,,AT,TAT,,,,,T,,
KT919509,,,,,,,,AT,TAT,,,,,T,,
KT919365,,,,,,,,AT,TAT,,,,,T,,
KT918419,,,,,,,,AT,TAT,,,,,T,,
MF168132,,,,,,,,AT,TAT,,,,,T,,
KT919376,,,,,,,,AT,TAT,,,,,T,,
KT918903,,,,,,,,AT,TAT,,,,,T,,
MF469396,,,,,,,,AT,TAT,,,,,T,,
MF469119,,,,,,,,AT,TAT,,,,,T,,
MF469174,,,,,,,,AT,TAT,,,,,T,,
MF469374,,,,,,,,AT,TAT,,,,,T,,
KT918727,,,,,,,,AT,TAT,,,,,T,,
MK417787,,,,,,,,AT,TAT,,,,,T,,
KJ752356,,,,,,,,AT,TAT,,,,,T,,
KP753241,,,,,,,,AT,TAT,,,,,T,,
KP753151,,,,,,,,AT,TAT,,,,,T,,
MF168056,,,,,,,,AT,TAT,,,,,T,,
KJ752809,,,,,,,,AT,TAT,,,,,T,,
KT919685,,,,,,,,AT,TAT,,,,,T,,
MF168206,,,,,,,,AT,TAT,,,,,T,,
KT918892,,,,,,,,AT,TAT,,,,,T,,
KT919454,,,,,,,,AT,TAT,,,,,T,,
KT918859,,,,,,,,AT,TAT,,,,,T,,
KT918991,,,,,,,,AT,TAT,,,,,T,,
KT919266,,,,,,,,AT,TAT,,,,,T,,
MF469109,,,,,,,,AT,TAT,,,,,T,,
MF469193,,,,,,,,AT,TAT,,,,,T,,
KT919795,,,,,,,,AT,TAT,,,,,T,,
KT919409,,,,,,,,AT,TAT,,,,,T,,
MF167971,,,,,,,,AT,TAT,,,,,T,,
MF168394,,,,,,,,AT,TAT,,,,,T,,
MF168387,,,,,,,,AT,TAT,,,,,T,,
MF168379,,,,,,,,AT,TAT,,,,,T,,
MF168332,,,,,,,,AT,TAT,,,,,T,,
KT918870,,,,,,,,AT,TAT,,,,,T,,
MF168341,,,,,,,,AT,TAT,,,,,T,,
KT919487,,,,,,,,AT,TAT,,,,,T,,
KT919046,,,,,,,,AT,TAT,,,,,T,,
MF168277,,,,,,,,AT,TAT,,,,,T,,
MF168349,,,,,,,,AT,TAT,,,,,T,,
KT919619,,,,,,,,AT,TAT,,,,,T,,
KT919861,,,,,,,,AT,TAT,,,,,T,,
KT919916,,,,,,,,AT,TAT,,,,,T,,
KT919883,,,,,,,,AT,TAT,,,,,T,,
KT919608,,,,,,,,AT,TAT,,,,,T,,
KT919641,,,,,,,,AT,TAT,,,,,T,,
KT918540,,,,,,,,AT,TAT,,,,,T,,
KT919354,,,,,,,,AT,TAT,,,,,T,,
KT919597,,,,,,,,AT,TAT,,,,,T,,
MF168293,,,,,,,,AT,TAT,,,,,T,,
KT919200,,,,,,,,AT,TAT,,,,,T,,
MF168181,,,,,,,,AT,TAT,,,,,T,,
MF168314,,,,,,,,AT,TAT,,,,,T,,
MF168022,,,,,,,,AT,TAT,,,,,T,,
KT919211,,,,,,,,AT,TAT,,,,,T,,
MN067042,,,,,,,,AT,TAT,,,,,T,,
MZ093663,,,,,,,,AT,TAT,,,,,,,
MZ093682,,,,,,,,AT,TAT,,,,,,,
MZ093737,,,,,,,,AT,TAT,,,,,,,
MZ093748,,,,,,,,AT,TAT,,,,,,,
MZ096976,,,,,,,,AT,TAT,,,,,,,
MZ093820,,,,,,,,AT,TAT,,,,,,,
MZ093853,,,,,,,,AT,TAT,,,,,,,
MZ093874,,,,,,,,AT,TAT,,,,,,,
MZ093915,,,,,,,,AT,TAT,,,,,,,
MZ096987,,,,,,,,AT,TAT,,,,,,,
MZ093842,,,,,,,,AT,TAT,,,,,,,
MZ093693,,,,,,,,AT,TAT,,,,,,,
MZ093715,,,,,,,,AT,TAT,,,,,,,
MZ093704,,,,,,,,AT,TAT,,,,,,,
MZ093935,,,,,,,,AT,TAT,,,,,,,
MN066796,,,,,,,,AT,TAT,,,,,T,,
MN066961,,,,,,,,AT,TAT,,,,,T,,
KT919024,,,,,,,,AT,TAT,,,,,T,,
KT919905,,,,,,,,AT,TAT,,,,,T,,
KT919420,,,,,,,,AT,TAT,,,,,T,,
KT919531,,,,,,,,AT,TAT,,,,,T,,
KT919343,,,,,,,,AT,TAT,,,,,T,,
KT919729,,,,,,,,AT,TAT,,,,,T,,
KT918815,,,,,,,,AT,TAT,,,,,T,,
KT918485,,,,,,,,AT,TAT,,,,,T,,
KT919244,,,,,,,,AT,TAT,,,,,T,,
KT918782,,,,,,,,AT,TAT,,,,,T,,
KT918408,,,,,,,,AT,TAT,,,,,T,,
KT919773,,,,,,,,AT,TAT,,,,,T,,
KT918793,,,,,,,,AT,TAT,,,,,T,,
KT918584,,,,,,,,AT,TAT,,,,,T,,
KT919277,,,,,,,,AT,TAT,,,,,T,,
KT918562,,,,,,,,AT,TAT,,,,,T,,
KT919079,,,,,,,,AT,TAT,,,,,T,,
KT918595,,,,,,,,AT,TAT,,,,,T,,
KT918804,,,,,,,,AT,TAT,,,,,T,,
KT919575,,,,,,,,AT,TAT,,,,,T,,
KT918760,,,,,,,,AT,TAT,,,,,T,,
KT919431,,,,,,,,AT,TAT,,,,,T,,
KT918716,,,,,,,,AT,TAT,,,,,T,,
KT919156,,,,,,,,AT,TAT,,,,,T,,
KT919586,,,,,,,,AT,TAT,,,,,T,,
KT918639,,,,,,,,AT,TAT,,,,,T,,
KT919189,,,,,,,,AT,TAT,,,,,T,,
KT919762,,,,,,,,AT,TAT,,,,,T,,
KT919013,,,,,,,,AT,TAT,,,,,T,,
KT919839,,,,,,,,AT,TAT,,,,,T,,
KT919784,,,,,,,,AT,TAT,,,,,T,,
KT919564,,,,,,,,AT,TAT,,,,,T,,
KT918661,,,,,,,,AT,TAT,,,,,T,,
MF168085,,,,,,,,AT,TAT,,,,,T,,
KT919696,,,,,,,,AT,TAT,,,,,T,,
KT919674,,,,,,,,AT,TAT,,,,,T,,
KT918694,,,,,,,,AT,TAT,,,,,T,,
KT918771,,,,,,,,AT,TAT,,,,,T,,
KT918496,,,,,,,,AT,TAT,,,,,T,,
KT918606,,,,,,,,AT,TAT,,,,,T,,
KT919817,,,,,,,,AT,TAT,,,,,T,,
KT918672,,,,,,,,AT,TAT,,,,,T,,
KT919002,,,,,,,,AT,TAT,,,,,T,,
KT919299,,,,,,,,AT,TAT,,,,,T,,
KT918936,,,,,,,,AT,TAT,,,,,T,,
KT918452,,,,,,,,AT,TAT,,,,,T,,
KT918650,,,,,,,,AT,TAT,,,,,T,,
KT919068,,,,,,,,AT,TAT,,,,,T,,
MF168196,,,,,,,,AT,TAT,,,,,T,,
MF168014,,,,,,,,AT,TAT,,,,,T,,
MF168236,,,,,,,,AT,TAT,,,,,T,,
KT918551,,,,,,,,AT,TAT,,,,,T,,
KT919751,,,,,,,,AT,TAT,,,,,T,,
KT919233,,,,,,,,AT,TAT,,,,,T,,
KT919707,,,,,,,,AT,TAT,,,,,T,,
KT919927,,,,,,,,AT,TAT,,,,,T,,
KT918474,,,,,,,,AT,TAT,,,,,T,,
KT918925,,,,,,,,AT,TAT,,,,,T,,
KT918749,,,,,,,,AT,TAT,,,,,T,,
KT919663,,,,,,,,AT,TAT,,,,,T,,
KT918980,,,,,,,,AT,TAT,,,,,T,,
KT919960,,,,,,,,AT,TAT,,,,,T,,
KT919178,,,,,,,,AT,TAT,,,,,T,,
KT919090,,,,,,,,AT,TAT,,,,,T,,
KT919949,,,,,,,,AT,TAT,,,,,T,,
KT919465,,,,,,,,AT,TAT,,,,,T,,
KT919553,,,,,,,,AT,TAT,,,,,T,,
KT919894,,,,,,,,AT,TAT,,,,,T,,
MF168149,,,,,,,,AT,TAT,,,,,T,,
KT919872,,,,,,,,AT,TAT,,,,,T,,
KT918573,,,,,,,,AT,TAT,,,,,T,,
KT919718,,,,,,,,AT,TAT,,,,,T,,
KT918848,,,,,,,,AT,TAT,,,,,T,,
KT918969,,,,,,,,AT,TAT,,,,,T,,
MF167994,,,,,,,,AT,TAT,,,,,T,,
MF168091,,,,,,,,AT,TAT,,,,,T,,
KT919828,,,,,,,,AT,TAT,,,,,T,,
MF168114,,,,,,,,AT,TAT,,,,,T,,
KT919255,,,,,,,,AT,TAT,,,,,T,,
KT918617,,,,,,,,AT,TAT,,,,,T,,
KT919332,,,,,,,,AT,TAT,,,,,T,,
MF168141,,,,,,,,AT,TAT,,,,,T,,
MF168357,,,,,,,,AT,TAT,,,,,T,,
MF168254,,,,,,,,AT,TAT,,,,,T,,
MF168173,,,,,,,,AT,TAT,,,,,T,,
MF168309,,,,,,,,AT,TAT,,,,,T,,
KT919222,,,,,,,,AT,TAT,,,,,T,,
MF168079,,,,,,,,AT,TAT,,,,,T,,
MN067005,,,,,,,,AT,TAT,,,,,T,,
LC426758,,,,,,,,AT,TAT,,,,,T,,
LC367306,,,,,,,,AT,TAT,,,,,T,,
LC364353,,,,,,,,AT,TAT,,,,,T,,
LC374143,,,,,,,,AT,TAT,,,,,T,,
LC374154,,,,,,,,AT,TAT,,,,,T,,
LC374187,,,,,,,,AT,TAT,,,,,T,,
LC374209,,,,,,,,AT,TAT,,,,,T,,
LC374176,,,,,,,,AT,TAT,,,,,T,,
KT919035,,,,,,,,AT,TAT,,,,,T,,
MF469385,,,,,,,,AT,TAT,,,,,T,,
MF469272,,,,,,,,AT,TAT,,,,,T,,
MF469251,,,,,,,,AT,TAT,,,,,T,,
MF469099,,,,,,,,AT,TAT,,,,,T,,
MN066749,,,,,,,,AT,TAT,,,,,T,,
KU360955,,,,,,,,AT,TAT,,,,,,,
KU360958,,,,,,,,AT,TAT,,,,,T,,
KU360957,,,,,,,,AT,TAT,,,,,T,,
KU360954,,,,,,,,AT,TAT,,,,,T,,
KU360959,,,,,,,,AT,TAT,,,,,,,
KP645339,,,,,,,,AT,TAT,,,,,,,
KP645328,,,,,,,,AT,TAT,,,,,,,
MZ095919,,,,,,,,AT,TAT,,,,,,,
KP645273,,,,,,,,AT,TAT,,,,,,,
KP645306,,,,,,,,AT,TAT,,,,,,,
KP645295,,,,,,,,AT,TAT,,,,,,,
LC600826,,,,,,,,AT,TAT,,,,,T,,
MZ097313,,,,,,,,AT,TAT,,,,,,,
MZ096161,,,,,,,,AT,TAT,,,,,,,
MZ096855,,,,,,,,AT,TAT,,,,,,,
MZ096172,,,,,,,,AT,TAT,,,,,,,
MZ096212,,,,,,,,AT,TAT,,,,,,,
MZ096343,,,,,,,,AT,TAT,,,,,,,
MZ096365,,,,,,,,AT,TAT,,,,,,,
MZ096429,,,,,,,,AT,TAT,,,,,,,
MZ096440,,,,,,,,AT,TAT,,,,,,,
MZ096354,,,,,,,,AT,TAT,,,,,,,
MZ096888,,,,,,,,AT,TAT,,,,,,,
MZ096183,,,,,,,,AT,TAT,,,,,,,
MZ096234,,,,,,,,AT,TAT,,,,,,,
MZ096202,,,,,,,,AT,TAT,,,,,,,
MZ096288,,,,,,,,AT,TAT,,,,,,,
MZ096299,,,,,,,,AT,TAT,,,,,,,
MZ096332,,,,,,,,AT,TAT,,,,,,,
MZ096310,,,,,,,,AT,TAT,,,,,,,
MZ096376,,,,,,,,AT,TAT,,,,,,,
MZ096877,,,,,,,,AT,TAT,,,,,,,
MZ096277,,,,,,,,AT,TAT,,,,,,,
MZ096321,,,,,,,,AT,TAT,,,,,,,
MZ096449,,,,,,,,AT,TAT,,,,,,,
MZ096418,,,,,,,,AT,TAT,,,,,,,
MZ096397,,,,,,,,AT,TAT,,,,,,,
MZ096223,,,,,,,,AT,TAT,,,,,,,
MZ096866,,,,,,,,AT,TAT,,,,,,,
MZ096833,,,,,,,,AT,TAT,,,,,,,
MZ096503,,,,,,,,AT,TAT,,,,,,,
MZ096525,,,,,,,,AT,TAT,,,,,,,
MZ096536,,,,,,,,AT,TAT,,,,,,,
MZ096789,,,,,,,,AT,TAT,,,,,,,
MZ096558,,,,,,,,AT,TAT,,,,,,,
MZ096745,,,,,,,,AT,TAT,,,,,,,
MZ096800,,,,,,,,AT,TAT,,,,,,,
MZ096514,,,,,,,,AT,TAT,,,,,,,
LC600837,,,,,,,,AT,TAT,,,,,T,,
LC600848,,,,,,,,AT,TAT,,,,,T,,
MZ096481,,,,,,,,AT,TAT,,,,,,,
MZ096591,,,,,,,,AT,TAT,,,,,,,
MZ096492,,,,,,,,AT,TAT,,,,,,,
MZ096679,,,,,,,,AT,TAT,,,,,,,
MZ096701,,,,,,,,AT,TAT,,,,,,,
MZ096723,,,,,,,,AT,TAT,,,,,,,
MZ096657,,,,,,,,AT,TAT,,,,,,,
MZ096822,,,,,,,,AT,TAT,,,,,,,
MZ096668,,,,,,,,AT,TAT,,,,,,,
MZ096712,,,,,,,,AT,TAT,,,,,,,
MZ096756,,,,,,,,AT,TAT,,,,,,,
MZ096844,,,,,,,,AT,TAT,,,,,,,
MZ096602,,,,,,,,AT,TAT,,,,,,,
MZ096811,,,,,,,,AT,TAT,,,,,,,
MZ096624,,,,,,,,AT,TAT,,,,,,,
MZ096690,,,,,,,,AT,TAT,,,,,,,
MZ096613,,,,,,,,AT,TAT,,,,,,,
MZ096734,,,,,,,,AT,TAT,,,,,,,
MZ096778,,,,,,,,AT,TAT,,,,,,,
MZ096646,,,,,,,,AT,TAT,,,,,,,
MZ096569,,,,,,,,AT,TAT,,,,,,,
MZ096635,,,,,,,,AT,TAT,,,,,,,
MZ096767,,,,,,,,AT,TAT,,,,,,,
EU839966,,,,,,,,AT,TAT,,,,,T,,
EU839972,,,,,,,,AT,TAT,,,,,T,,
GU199509,,,,,,,,AT,TAT,,,,,T,,
LC464105,,,,,,,,AT,TAT,,,,,T,,
LC468219,,,,,,,,AT,TAT,,,,,T,,
LC464116,,,,,,,,AT,TAT,,,,,T,,
LC468230,,,,,,,,AT,TAT,,,,,T,,
LC105198,,,,,,,,AT,TAT,,,,,T,,
LC105209,,,,,,,,AT,TAT,,,,,T,,
MK953596,,,,,,,,AT,TAT,,,,,T,,
KJ751928,,,,,,,,AT,TAT,,,,,T,,
KJ751686,,,,,,,,AT,TAT,,,,,T,,
KJ753744,,,,,,,,AT,TAT,,,,,T,,
KJ753221,,,,,,,,AT,TAT,,,,,T,,
KJ753733,,,,,,,,AT,TAT,,,,,T,,
KJ753014,,,,,,,,AT,TAT,,,,,T,,
KJ753687,,,,,,,,AT,TAT,,,,,T,,
HQ392401,,,,,,,,AT,TAT,,,,,T,,
JX027662,,,,,,,,AT,TAT,,,,,T,,
JX027756,,,,,,,,AT,TAT,,,,,T,,
HQ392258,,,,,,,,AT,TAT,,,,,T,,
JF490443,,,,,,,,AT,TAT,,,,,T,,
JF490095,,,,,,,,AT,TAT,,,,,T,,
JF490195,,,,,,,,AT,TAT,,,,,T,,
JF490173,,,,,,,,AT,TAT,,,,,T,,
JF490085,,,,,,,,AT,TAT,,,,,T,,
JX027832,,,,,,,,AT,TAT,,,,,T,,
JX027837,,,,,,,,AT,TAT,,,,,T,,
KJ559104,,,,,,,,AT,TAT,,,,,T,,
KJ626877,,,,,,,,AT,TAT,,,,,T,,
KJ627054,,,,,,,,AT,TAT,,,,,T,,
KJ627030,,,,,,,,AT,TAT,,,,,T,,
KJ627019,,,,,,,,AT,TAT,,,,,T,,
KJ626900,,,,,,,,AT,TAT,,,,,T,,
KJ627122,,,,,,,,AT,TAT,,,,,T,,
KJ626666,,,,,,,,AT,TAT,,,,,T,,
KJ626655,,,,,,,,AT,TAT,,,,,T,,
KJ627042,,,,,,,,AT,TAT,,,,,T,,
KJ626813,,,,,,,,AT,TAT,,,,,T,,
KJ559340,,,,,,,,AT,TAT,,,,,T,,
KJ626622,,,,,,,,AT,TAT,,,,,T,,
KJ752931,,,,,,,,AT,TAT,,,,,T,,
KP752861,,,,,,,,AT,TAT,,,,,T,,
JF490338,,,,,,,,AT,TAT,,,,,T,,
JF490206,,,,,,,,AT,TAT,,,,,T,,
JF490162,,,,,,,,AT,TAT,,,,,T,,
JF490250,,,,,,,,AT,TAT,,,,,T,,
JF490434,,,,,,,,AT,TAT,,,,,T,,
JF490415,,,,,,,,AT,TAT,,,,,T,,
JF490239,,,,,,,,AT,TAT,,,,,T,,
JF490536,,,,,,,,AT,TAT,,,,,T,,
JF490294,,,,,,,,AT,TAT,,,,,T,,
JF490272,,,,,,,,AT,TAT,,,,,T,,
JF490260,,,,,,,,AT,TAT,,,,,T,,
JF490321,,,,,,,,AT,TAT,,,,,T,,
JF490283,,,,,,,,AT,TAT,,,,,T,,
JF490305,,,,,,,,AT,TAT,,,,,T,,
JF490357,,,,,,,,AT,TAT,,,,,T,,
JF490228,,,,,,,,AT,TAT,,,,,T,,
JF490217,,,,,,,,AT,TAT,,,,,T,,
JF490553,,,,,,,,AT,TAT,,,,,T,,
JF490184,,,,,,,,AT,TAT,,,,,T,,
JF490327,,,,,,,,AT,TAT,,,,,T,,
KC769443,,,,,,,,AT,TAT,,,,,T,,
MN066828,,,,,,,,AT,TAT,,,,,T,,
MN067075,,,,,,,,AT,TAT,,,,,T,,
MN066941,,,,,,,,AT,TAT,,,,,T,,
MN067053,,,,,,,,AT,TAT,,,,,T,,
JX027902,,,,,,,,AT,TAT,,,,,T,,
JX027914,,,,,,,,AT,TAT,,,,,T,,
JX027892,,,,,,,,AT,TAT,,,,,T,,
JX027870,,,,,,,,AT,TAT,,,,,T,,
KJ753153,,,,,,,,AT,TAT,,,,,T,,
KJ559221,,,,,,,,AT,TAT,,,,,T,,
KF636141,,,,,,,,AT,TAT,,,,,T,,
KJ752635,,,,,,,,AT,TAT,,,,,T,,
KJ751873,,,,,,,,AT,TAT,,,,,T,,
KP753196,,,,,,,,AT,TAT,,,,,T,,
KJ752525,,,,,,,,AT,TAT,,,,,T,,
KJ752464,,,,,,,,AT,TAT,,,,,T,,
KP752929,,,,,,,,AT,TAT,,,,,T,,
KJ752378,,,,,,,,AT,TAT,,,,,T,,
KJ752290,,,,,,,,AT,TAT,,,,,T,,
KP752940,,,,,,,,AT,TAT,,,,,T,,
KJ870917,,,,,,,,AT,TAT,,,,,T,,
KX632271,,,,,,,,AT,TAT,,,,,T,,
KF636163,,,,,,,,AT,TAT,,,,,T,,
KF636262,,,,,,,,AT,TAT,,,,,T,,
KF636152,,,,,,,,AT,TAT,,,,,T,,
KP752666,,,,,,,,AT,TAT,,,,,T,,
KJ752255,,,,,,,,AT,TAT,,,,,T,,
KJ751829,,,,,,,,AT,TAT,,,,,T,,
KF636328,,,,,,,,AT,TAT,,,,,T,,
KJ753055,,,,,,,,AT,TAT,,,,,T,,
KP753012,,,,,,,,AT,TAT,,,,,T,,
KJ753113,,,,,,,,AT,TAT,,,,,T,,
KJ753795,,,,,,,,AT,TAT,,,,,T,,
HQ392115,,,,,,,,AT,TAT,,,,,T,,
HQ392379,,,,,,,,AT,TAT,,,,,T,,
HQ392291,,,,,,,,AT,TAT,,,,,T,,
KJ753046,,,,,,,,AT,TAT,,,,,T,,
JX027815,,,,,,,,AT,TAT,,,,,T,,
HQ392302,,,,,,,,AT,TAT,,,,,T,,
KJ752591,,,,,,,,AT,TAT,,,,,T,,
KJ751977,,,,,,,,AT,TAT,,,,,T,,
KJ752032,,,,,,,,AT,TAT,,,,,T,,
KJ751586,,,,,,,,AT,TAT,,,,,T,,
MF168169,,,,,,,,AT,TAT,,,,,T,,
MF168300,,,,,,,,AT,TAT,,,,,T,,
MF469204,,,,,,,,AT,TAT,,,,,T,,
LC368124,,,,,,,,AT,TAT,,,,,T,,
LC368102,,,,,,,,AT,TAT,,,,,T,,
LC372886,,,,,,,,AT,TAT,,,,,T,,
LC372875,,,,,,,,AT,TAT,,,,,T,,
LC372864,,,,,,,,AT,TAT,,,,,T,,
LC372908,,,,,,,,AT,TAT,,,,,T,,
LC368113,,,,,,,,AT,TAT,,,,,T,,
LC372919,,,,,,,,AT,TAT,,,,,T,,
LC372897,,,,,,,,AT,TAT,,,,,T,,
LC367262,,,,,,,,AT,TAT,,,,,T,,
LC368091,,,,,,,,AT,TAT,,,,,T,,
LC367273,,,,,,,,AT,TAT,,,,,T,,
LC372842,,,,,,,,AT,TAT,,,,,T,,
LC372853,,,,,,,,AT,TAT,,,,,T,,
KC193628,,,,,,,,AT,TAT,,,,,T,,
KJ753441,,,,,,,,AT,TAT,,,,,T,,
KJ752942,,,,,,,,AT,TAT,,,,,T,,
KJ753330,,,,,,,,AT,TAT,,,,,T,,
KJ753199,,,,,,,,AT,TAT,,,,,T,,
KJ752279,,,,,,,,AT,TAT,,,,,T,,
HQ392033,,,,,,,,AT,TAT,,,,,T,,
HQ392434,,,,,,,,AT,TAT,,,,,T,,
KC769344,,,,,,,,AT,TAT,,,,,T,,
HQ392099,,,,,,,,AT,TAT,,,,,T,,
HQ392024,,,,,,,,AT,TAT,,,,,T,,
KJ820886,,,,,,,,AT,TAT,,,,,T,,
KF372009,,,,,,,,AT,TAT,,,,,T,,
MW384369,,,,,,,,AT,TAT,,,,,T,,
MW384391,,,,,,,,AT,TAT,,,,,T,,
MW384347,,,,,,,,AT,TAT,,,,,T,,
MW384303,,,,,,,,AT,TAT,,,,,T,,
JX027966,,,,,,,,AT,TAT,,,,,T,,
KC769476,,,,,,,,AT,TAT,,,,,T,,
JX027943,,,,,,,,AT,TAT,,,,,T,,
JX027947,,,,,,,,AT,TAT,,,,,T,,
JX027968,,,,,,,,AT,TAT,,,,,T,,
JN258925,,,,,,,,AT,TAT,,,,,T,,
KC769377,,,,,,,,AT,TAT,,,,,T,,
JF490360,,,,,,,,AT,TAT,,,,,T,,
JX027924,,,,,,,,AT,TAT,,,,,T,,
KX778484,,,,,,,,AT,TAT,,,,,,,
KX778481,,,,,,,,AT,TAT,,,,,,,
KX778488,,,,,,,,AT,TAT,,,,,,,
KX778487,,,,,,,,AT,TAT,,,,,,,
KX778483,,,,,,,,AT,TAT,,,,,,,
KX778478,,,,,,,,AT,TAT,,,,,,,
LC105266,,,,,,,,AT,TAT,,,,,T,,
LC105298,,,,,,,,AT,TAT,,,,,T,,
LC105320,,,,,,,,AT,TAT,,,,,T,,
LC105331,,,,,,,,AT,TAT,,,,,T,,
LC105353,,,,,,,,AT,TAT,,,,,T,,
LC105342,,,,,,,,AT,TAT,,,,,T,,
LC105276,,,,,,,,AT,TAT,,,,,T,,
LC105309,,,,,,,,AT,TAT,,,,,T,,
MH182450,,,,,,,,AT,TAT,,,,,T,,
LC367284,,,,,,,,AT,TAT,,,,,T,,
LC374088,,,,,,,,AT,TAT,,,,,T,,
LC374077,,,,,,,,AT,TAT,,,,,T,,
LC374121,,,,,,,,AT,TAT,,,,,T,,
LC374099,,,,,,,,AT,TAT,,,,,T,,
LC374066,,,,,,,,AT,TAT,,,,,T,,
LC374110,,,,,,,,AT,TAT,,,,,T,,
LC374033,,,,,,,,AT,TAT,,,,,T,,
HQ392345,,,,,,,,AT,TAT,,,,,T,,
JX027881,,,,,,,,AT,TAT,,,,,T,,
HQ392243,,,,,,,,AT,TAT,,,,,T,,
HQ392313,,,,,,,,AT,TAT,,,,,T,,
HQ392181,,,,,,,,AT,TAT,,,,,T,,
HQ392013,,,,,,,,AT,TAT,,,,,T,,
KF812765,,,,,,,,AT,TAT,,,,,,,
KF812767,,,,,,,,AT,TAT,,,,,,,
KF812766,,,,,,,,AT,TAT,,,,,,,
KF812759,,,,,,,,AT,TAT,,,,,,,
KF812761,,,,,,,,AT,TAT,,,,,,,
KF812763,,,,,,,,AT,TAT,,,,,,,
KF812760,,,,,,,,AT,TAT,,,,,,,
KF812762,,,,,,,,AT,TAT,,,,,,,
KF812764,,,,,,,,AT,TAT,,,,,,,
JF490107,,,,,,,,AT,TAT,,,,,C,,
JF490525,,,,,,,,AT,TAT,,,,,C,,
JF490118,,,,,,,,AT,TAT,,,,,C,,
JF490129,,,,,,,,AT,TAT,,,,,C,,
JN258821,,,,,,,,AT,TAT,,,,,T,,
KJ412705,,,,,,,,AT,TAT,,,,,T,,
JX027847,,,,,,,,AT,TAT,,,,,T,,
KF371846,,,,,,,,AT,TAT,,,,,T,,
KF371736,,,,,,,,AT,TAT,,,,,T,,
KF371868,,,,,,,,AT,TAT,,,,,T,,
KF371998,,,,,,,,AT,TAT,,,,,T,,
KF371835,,,,,,,,AT,TAT,,,,,T,,
KF371910,,,,,,,,AT,TAT,,,,,T,,
KF371747,,,,,,,,AT,TAT,,,,,T,,
KF371758,,,,,,,,AT,TAT,,,,,T,,
KF371791,,,,,,,,AT,TAT,,,,,T,,
KF371780,,,,,,,,AT,TAT,,,,,T,,
JN258833,,,,,,,,AT,TAT,,,,,T,,
KJ412750,,,,,,,,AT,TAT,,,,,T,,
KJ412650,,,,,,,,AT,TAT,,,,,T,,
KJ412581,,,,,,,,AT,TAT,,,,,T,,
KJ412604,,,,,,,,AT,TAT,,,,,T,,
KJ412825,,,,,,,,AT,TAT,,,,,T,,
KJ412626,,,,,,,,AT,TAT,,,,,T,,
KJ412781,,,,,,,,AT,TAT,,,,,T,,
KJ412515,,,,,,,,AT,TAT,,,,,T,,
KJ412759,,,,,,,,AT,TAT,,,,,T,,
KJ412661,,,,,,,,AT,TAT,,,,,T,,
KJ627133,,,,,,,,AT,TAT,,,,,T,,
KJ626866,,,,,,,,AT,TAT,,,,,T,,
KJ626791,,,,,,,,AT,TAT,,,,,T,,
KJ626633,,,,,,,,AT,TAT,,,,,T,,
KJ626911,,,,,,,,AT,TAT,,,,,T,,
KJ626677,,,,,,,,AT,TAT,,,,,T,,
KJ626508,,,,,,,,AT,TAT,,,,,T,,
KJ626577,,,,,,,,AT,TAT,,,,,T,,
KJ626644,,,,,,,,AT,TAT,,,,,T,,
KJ412548,,,,,,,,AT,TAT,,,,,T,,
KJ626802,,,,,,,,AT,TAT,,,,,T,,
KJ627073,,,,,,,,AT,TAT,,,,,T,,
KJ412859,,,,,,,,AT,TAT,,,,,T,,
KJ412683,,,,,,,,AT,TAT,,,,,T,,
KJ412889,,,,,,,,AT,TAT,,,,,T,,
KJ412738,,,,,,,,AT,TAT,,,,,T,,
KJ627084,,,,,,,,AT,TAT,,,,,T,,
KJ583158,,,,,,,,AT,TAT,,,,,,,
KJ583169,,,,,,,,AT,TAT,,,,,,,
HQ392334,,,,,,,,AT,TAT,,,,,T,,
KF636207,,,,,,,,AT,TAT,,,,,T,,
KF636185,,,,,,,,AT,TAT,,,,,T,,
KJ753188,,,,,,,,AT,TAT,,,,,T,,
KF636273,,,,,,,,AT,TAT,,,,,T,,
KF636229,,,,,,,,AT,TAT,,,,,T,,
KF636196,,,,,,,,AT,TAT,,,,,T,,
KF636174,,,,,,,,AT,TAT,,,,,T,,
KJ751818,,,,,,,,AT,TAT,,,,,T,,
KJ752975,,,,,,,,AT,TAT,,,,,T,,
KX362596,,,,,,,,AT,TAT,,,,,T,,
KX362968,,,,,,,,AT,TAT,,,,,T,,
KX363001,,,,,,,,AT,TAT,,,,,T,,
KX363164,,,,,,,,AT,TAT,,,,,T,,
KX362957,,,,,,,,AT,TAT,,,,,T,,
KX363240,,,,,,,,AT,TAT,,,,,T,,
KX362990,,,,,,,,AT,TAT,,,,,T,,
KX363023,,,,,,,,AT,TAT,,,,,T,,
KX362892,,,,,,,,AT,TAT,,,,,T,,
KX362816,,,,,,,,AT,TAT,,,,,T,,
KX362607,,,,,,,,AT,TAT,,,,,T,,
KX362761,,,,,,,,AT,TAT,,,,,T,,
KX362870,,,,,,,,AT,TAT,,,,,T,,
KX362684,,,,,,,,AT,TAT,,,,,T,,
KX363271,,,,,,,,AT,TAT,,,,,T,,
KX363034,,,,,,,,AT,TAT,,,,,T,,
KX363224,,,,,,,,AT,TAT,,,,,T,,
KX363012,,,,,,,,AT,TAT,,,,,T,,
KX362945,,,,,,,,AT,TAT,,,,,T,,
KX363128,,,,,,,,AT,TAT,,,,,T,,
KX363142,,,,,,,,AT,TAT,,,,,T,,
KP753207,,,,,,,,AT,TAT,,,,,T,,
MG181497,,,,,,,,AT,TAT,,,,,T,,
MG181552,,,,,,,,AT,TAT,,,,,T,,
MG181519,,,,,,,,AT,TAT,,,,,T,,
MG181530,,,,,,,,AT,TAT,,,,,T,,
KF812758,,,,,,,,AT,TAT,,,,,,,
KF812757,,,,,,,,AT,TAT,,,,,,,
KF812756,,,,,,,,AT,TAT,,,,,,,
KF812755,,,,,,,,AT,TAT,,,,,,,
MH002246,,,,,,,,AT,TAT,,,,,,,
MH171409,,,,,,,,AT,TAT,,,,,T,,
MH171410,,,,,,,,AT,TAT,,,,,T,,
MN066738,,,,,,,,AT,TAT,,,,,T,,
MN067116,,,,,,,,AT,TAT,,,,,T,,
LC105440,,,,,,,,AT,TAT,,,,,T,,
KX778485,,,,,,,,AT,TAT,,,,,,,
KX778480,,,,,,,,AT,TAT,,,,,,,
KX778477,,,,,,,,AT,TAT,,,,,,,
KX778486,,,,,,,,AT,TAT,,,,,,,
KX778479,,,,,,,,AT,TAT,,,,,,,
MW384358,,,,,,,,AT,TAT,,,,,T,,
MW384380,,,,,,,,AT,TAT,,,,,T,,
MW384336,,,,,,,,AT,TAT,,,,,T,,
MW384314,,,,,,,,AT,TAT,,,,,T,,
MW384325,,,,,,,,AT,TAT,,,,,T,,
MW384402,,,,,,,,AT,TAT,,,,,T,,
KX778482,,,,,,,,AT,TAT,,,,,,,
LC105220,,,,,,,,AT,TAT,,,,,T,,
LC105364,,,,,,,,AT,TAT,,,,,T,,
LC105094,,,,,,,,AT,TAT,,,,,T,,
LC105418,,,,,,,,AT,TAT,,,,,T,,
LC105375,,,,,,,,AT,TAT,,,,,T,,
LC105406,,,,,,,,AT,TAT,,,,,T,,
LC105506,,,,,,,,AT,TAT,,,,,T,,
LC105017,,,,,,,,AT,TAT,,,,,T,,
LC105050,,,,,,,,AT,TAT,,,,,T,,
LC105039,,,,,,,,AT,TAT,,,,,T,,
LC105061,,,,,,,,AT,TAT,,,,,T,,
LC105451,,,,,,,,AT,TAT,,,,,T,,
LC105462,,,,,,,,AT,TAT,,,,,T,,
LC105495,,,,,,,,AT,TAT,,,,,T,,
LC105528,,,,,,,,AT,TAT,,,,,T,,
LC105484,,,,,,,,AT,TAT,,,,,T,,
LC105517,,,,,,,,AT,TAT,,,,,T,,
LC105473,,,,,,,,AT,TAT,,,,,T,,
MN529648,,,,,,,,AT,TAT,,,,,,,
MN529649,,,,,,,,AT,TAT,,,,,,,
MN529650,,,,,,,,AT,TAT,,,,,,,
KJ753077,,,,,,,,AT,TAT,,,,,T,,
KP752748,,,,,,,,AT,TAT,,,,,T,,
MZ094792,,,,,,,,AT,TAT,,,,,,,
MZ094824,,,,,,,,AT,TAT,,,,,,,
MZ094835,,,,,,,,AT,TAT,,,,,,,
MZ094857,,,,,,,,AT,TAT,,,,,,,
MZ094738,,,,,,,,AT,TAT,,,,,,,
MZ097009,,,,,,,,AT,TAT,,,,,,,
MZ097031,,,,,,,,AT,TAT,,,,,,,
MZ094595,,,,,,,,AT,TAT,,,,,,,
MZ094900,,,,,,,,AT,TAT,,,,,,,
MZ094944,,,,,,,,AT,TAT,,,,,,,
MZ094463,,,,,,,,AT,TAT,,,,,,,
MZ094562,,,,,,,,AT,TAT,,,,,,,
MZ094988,,,,,,,,AT,TAT,,,,,,,
MZ094452,,,,,,,,AT,TAT,,,,,,,
MZ093809,,,,,,,,AT,TAT,,,,,,,
MZ094672,,,,,,,,AT,TAT,,,,,,,
MZ095307,,,,,,,,AT,TAT,,,,,,,
MZ095252,,,,,,,,AT,TAT,,,,,,,
MZ095263,,,,,,,,AT,TAT,,,,,,,
MZ095296,,,,,,,,AT,TAT,,,,,,,
MZ094803,,,,,,,,AT,TAT,,,,,,,
MZ094683,,,,,,,,AT,TAT,,,,,,,
MZ095032,,,,,,,,AT,TAT,,,,,,,
MZ095076,,,,,,,,AT,TAT,,,,,,,
MZ095393,,,,,,,,AT,TAT,,,,,,,
MZ095316,,,,,,,,AT,TAT,,,,,,,
MZ095327,,,,,,,,AT,TAT,,,,,,,
MZ095131,,,,,,,,AT,TAT,,,,,,,
MZ095219,,,,,,,,AT,TAT,,,,,,,
MZ097086,,,,,,,,AT,TAT,,,,,,,
MZ095197,,,,,,,,AT,TAT,,,,,,,
MZ097020,,,,,,,,AT,TAT,,,,,,,
MZ093895,,,,,,,,AT,TAT,,,,,,,
MZ094813,,,,,,,,AT,TAT,,,,,,,
MZ097053,,,,,,,,AT,TAT,,,,,,,
MZ094955,,,,,,,,AT,TAT,,,,,,,
MZ094496,,,,,,,,AT,TAT,,,,,,,
MZ094507,,,,,,,,AT,TAT,,,,,,,
MZ094529,,,,,,,,AT,TAT,,,,,,,
MZ094551,,,,,,,,AT,TAT,,,,,,,
MZ094573,,,,,,,,AT,TAT,,,,,,,
MZ094617,,,,,,,,AT,TAT,,,,,,,
MZ094650,,,,,,,,AT,TAT,,,,,,,
MZ094661,,,,,,,,AT,TAT,,,,,,,
MZ094727,,,,,,,,AT,TAT,,,,,,,
MZ094771,,,,,,,,AT,TAT,,,,,,,
MZ094781,,,,,,,,AT,TAT,,,,,,,
MZ094889,,,,,,,,AT,TAT,,,,,,,
MZ094911,,,,,,,,AT,TAT,,,,,,,
MZ094922,,,,,,,,AT,TAT,,,,,,,
MZ094933,,,,,,,,AT,TAT,,,,,,,
MZ094540,,,,,,,,AT,TAT,,,,,,,
MZ095010,,,,,,,,AT,TAT,,,,,,,
MZ094628,,,,,,,,AT,TAT,,,,,,,
MZ094999,,,,,,,,AT,TAT,,,,,,,
MZ094716,,,,,,,,AT,TAT,,,,,,,
MZ095021,,,,,,,,AT,TAT,,,,,,,
MZ095043,,,,,,,,AT,TAT,,,,,,,
MZ095054,,,,,,,,AT,TAT,,,,,,,
MZ095087,,,,,,,,AT,TAT,,,,,,,
MZ095230,,,,,,,,AT,TAT,,,,,,,
MZ095065,,,,,,,,AT,TAT,,,,,,,
MZ095208,,,,,,,,AT,TAT,,,,,,,
MZ095274,,,,,,,,AT,TAT,,,,,,,
MZ094441,,,,,,,,AT,TAT,,,,,,,
MZ094639,,,,,,,,AT,TAT,,,,,,,
MZ097064,,,,,,,,AT,TAT,,,,,,,
MZ095098,,,,,,,,AT,TAT,,,,,,,
MZ095120,,,,,,,,AT,TAT,,,,,,,
MZ094977,,,,,,,,AT,TAT,,,,,,,
MZ095175,,,,,,,,AT,TAT,,,,,,,
MZ095338,,,,,,,,AT,TAT,,,,,,,
MZ096899,,,,,,,,AT,TAT,,,,,,,
MZ095241,,,,,,,,AT,TAT,,,,,,,
MZ095285,,,,,,,,AT,TAT,,,,,,,
MZ094868,,,,,,,,AT,TAT,,,,,,,
MZ097042,,,,,,,,AT,TAT,,,,,,,
MZ094749,,,,,,,,AT,TAT,,,,,,,
MZ093799,,,,,,,,AT,TAT,,,,,,,
MZ093864,,,,,,,,AT,TAT,,,,,,,
MZ094694,,,,,,,,AT,TAT,,,,,,,
MZ094474,,,,,,,,AT,TAT,,,,,,,
MZ094584,,,,,,,,AT,TAT,,,,,,,
MZ094606,,,,,,,,AT,TAT,,,,,,,
MZ095109,,,,,,,,AT,TAT,,,,,,,
MZ094966,,,,,,,,AT,TAT,,,,,,,
KJ751752,,,,,,,,AT,TAT,,,,,T,,
KX632304,,,,,,,,AT,TAT,,,,,T,,
KX632293,,,,,,,,AT,TAT,,,,,T,,
KX632249,,,,,,,,AT,TAT,,,,,T,,
MZ093946,,,,,,,,AT,TAT,,,,,,,
MZ094879,,,,,,,,AT,TAT,,,,,,,
MZ094485,,,,,,,,AT,TAT,,,,,,,
JX509930,,,,,,,,AT,TAT,,,,,T,,
EU984098,,,,,,,,AT,TAT,,,,,T,,
KT919112,,,,,,,,AT,TAT,,,,,T,,
MF168123,,,,,,,,AT,TAT,,,,,T,,
MF168061,,,,,,,,AT,TAT,,,,,T,,
KF636218,,,,,,,,AT,TAT,,,,,T,,
KP752737,,,,,,,,AT,TAT,,,,,T,,
KJ752558,,,,,,,,AT,TAT,,,,,T,,
KJ753232,,,,,,,,AT,TAT,,,,,T,,
KJ753577,,,,,,,,AT,TAT,,,,,T,,
KJ753088,,,,,,,,AT,TAT,,,,,T,,
KJ753771,,,,,,,,AT,TAT,,,,,T,,
KJ752896,,,,,,,,AT,TAT,,,,,T,,
KJ753298,,,,,,,,AT,TAT,,,,,T,,
KJ753611,,,,,,,,AT,TAT,,,,,T,,
KJ753669,,,,,,,,AT,TAT,,,,,T,,
KJ752411,,,,,,,,AT,TAT,,,,,T,,
KP752421,,,,,,,,AT,TAT,,,,,T,,
KJ752964,,,,,,,,AT,TAT,,,,,T,,
KJ752953,,,,,,,,AT,TAT,,,,,T,,
KJ752492,,,,,,,,AT,TAT,,,,,T,,
KJ753243,,,,,,,,AT,TAT,,,,,T,,
KJ752422,,,,,,,,AT,TAT,,,,,T,,
KJ753496,,,,,,,,AT,TAT,,,,,T,,
KJ753760,,,,,,,,AT,TAT,,,,,T,,
KJ752323,,,,,,,,AT,TAT,,,,,T,,
KJ753836,,,,,,,,AT,TAT,,,,,T,,
KJ753254,,,,,,,,AT,TAT,,,,,T,,
KJ752536,,,,,,,,AT,TAT,,,,,T,,
KJ753507,,,,,,,,AT,TAT,,,,,T,,
KC443571,,,,,,,,AT,TAT,,,,,T,,
JN258854,,,,,,,,AT,TAT,,,,,T,,
KJ751763,,,,,,,,AT,TAT,,,,,T,,
KC193618,,,,,,,,AT,TAT,,,,,T,,
KJ559199,,,,,,,,AT,TAT,,,,,T,,
KJ559351,,,,,,,,AT,TAT,,,,,T,,
KJ626836,,,,,,,,AT,TAT,,,,,T,,
KJ559362,,,,,,,,AT,TAT,,,,,T,,
KJ627106,,,,,,,,AT,TAT,,,,,T,,
KJ559329,,,,,,,,AT,TAT,,,,,T,,
KJ559232,,,,,,,,AT,TAT,,,,,T,,
KJ559266,,,,,,,,AT,TAT,,,,,T,,
KJ627144,,,,,,,,AT,TAT,,,,,T,,
KJ559120,,,,,,,,AT,TAT,,,,,T,,
KJ559384,,,,,,,,AT,TAT,,,,,T,,
KJ559285,,,,,,,,AT,TAT,,,,,T,,
KJ559255,,,,,,,,AT,TAT,,,,,T,,
KJ559318,,,,,,,,AT,TAT,,,,,T,,
KJ626519,,,,,,,,AT,TAT,,,,,T,,
KJ559143,,,,,,,,AT,TAT,,,,,T,,
KJ559103,,,,,,,,AT,TAT,,,,,T,,
KJ559296,,,,,,,,AT,TAT,,,,,T,,
MG181431,,,,,,,,AT,TAT,,,,,T,,
KJ752624,,,,,,,,AT,TAT,,,,,T,,
HQ392392,,,,,,,,AT,TAT,,,,,T,,
KC193607,,,,,,,,AT,TAT,,,,,T,,
HQ392001,,,,,,,,AT,TAT,,,,,T,,
HQ392210,,,,,,,,AT,TAT,,,,,T,,
KC195762,,,,,,,,AT,TAT,,,,,T,,
HQ392445,,,,,,,,AT,TAT,,,,,T,,
JN258944,,,,,,,,AT,TAT,,,,,T,,
HQ392454,,,,,,,,AT,TAT,,,,,T,,
HQ392214,,,,,,,,AT,TAT,,,,,T,,
HQ392174,,,,,,,,AT,TAT,,,,,T,,
HQ392143,,,,,,,,AT,TAT,,,,,T,,
HQ392191,,,,,,,,AT,TAT,,,,,T,,
HQ392225,,,,,,,,AT,TAT,,,,,T,,
HQ392131,,,,,,,,AT,TAT,,,,,T,,
HQ392087,,,,,,,,AT,TAT,,,,,T,,
HQ392103,,,,,,,,AT,TAT,,,,,T,,
HQ392323,,,,,,,,AT,TAT,,,,,T,,
HQ392357,,,,,,,,AT,TAT,,,,,T,,
HQ392269,,,,,,,,AT,TAT,,,,,T,,
JN258907,,,,,,,,AT,TAT,,,,,T,,
KC195764,,,,,,,,AT,TAT,,,,,T,,
HQ392037,,,,,,,,AT,TAT,,,,,T,,
HQ392063,,,,,,,,AT,TAT,,,,,T,,
JN258914,,,,,,,,AT,TAT,,,,,T,,
KP752632,,,,,,,,AT,TAT,,,,,T,,
KU360956,,,,,,,,AT,TAT,,,,,T,,
KP645284,,,,,,,,AT,TAT,,,,,,,
KP645262,,,,,,,,AT,TAT,,,,,,,
KP645317,,,,,,,,AT,TAT,,,,,,,
MZ094430,,,,,,,,AT,TAT,,,,,,,
JN258887,,,,,,,,AT,TAT,,,,,T,,
JN258801,,,,,,,,AT,TAT,,,,,T,,
KC769465,,,,,,,,AT,,,,,,T,,
KY634766,,,,,,,,AT,TAT,,,,,,,
KY634755,,,,,,,,AT,TAT,,,,,,,
KY634692,,,,,,,,AT,TAT,,,,,,,
KY634589,,,,,,,,AT,TAT,,,,,,,
KY634578,,,,,,,,AT,TAT,,,,,,,
KY634534,,,,,,,,AT,TAT,,,,,,,
KY634600,,,,,,,,AT,TAT,,,,,,,
KY634648,,,,,,,,AT,TAT,,,,,,,
KY634567,,,,,,,,AT,TAT,,,,,,,
KY634617,,,,,,,,AT,TAT,,,,,,,
KY634556,,,,,,,,AT,TAT,,,,,,,
KY634545,,,,,,,,AT,TAT,,,,,,,
KY634820,,,,,,,,AT,TAT,,,,,,,
JN258951,,,,,,,,AT,TAT,,,,,T,,
JN635549,,,,,,,,AT,,,,,,T,,
KJ627107,,,,,,,,AT,TAT,,,,,T,,
JQ087429,,,,,,,,AT,TAT,,,,,T,,
JQ087440,,,,,,,,AT,TAT,,,,,T,,
KF371921,,,,,,,,AT,TAT,,,,,T,,
KF371954,,,,,,,,AT,TAT,,,,,T,,
KF371890,,,,,,,,AT,TAT,,,,,T,,
KF371900,,,,,,,,AT,TAT,,,,,T,,
KF371987,,,,,,,,AT,TAT,,,,,T,,
KF371813,,,,,,,,AT,TAT,,,,,T,,
KF371802,,,,,,,,AT,TAT,,,,,T,,
KF371824,,,,,,,,AT,TAT,,,,,T,,
KF371725,,,,,,,,AT,TAT,,,,,T,,
HQ392166,,,,,,,,AT,TAT,,,,,T,,
JF490514,,,,,,,,AT,TAT,,,,,T,,
JX027691,,,,,,,,AT,TAT,,,,,T,,
KP752511,,,,,,,,AT,TAT,,,,,T,,
JX027713,,,,,,,,AT,TAT,,,,,T,,
KJ753656,,,,,,,,AT,TAT,,,,,T,,
JX027866,,,,,,,,AT,TAT,,,,,T,,
KJ753164,,,,,,,,AT,TAT,,,,,T,,
KJ753176,,,,,,,,AT,TAT,,,,,T,,
KF371943,,,,,,,,AT,TAT,,,,,T,,
KF371857,,,,,,,,AT,TAT,,,,,T,,
KF371769,,,,,,,,AT,TAT,,,,,T,,
KF726050,,,,,,,,AT,TAT,,,,,T,,
KT919057,,,,,,,,AT,TAT,,,,,T,,
MF469436,,,,,,,,AT,TAT,,,,,T,,
MF469426,,,,,,,,AT,TAT,,,,,T,,
MF469357,,,,,,,,AT,TAT,,,,,T,,
MF469088,,,,,,,,AT,TAT,,,,,T,,
MF469306,,,,,,,,AT,TAT,,,,,T,,
MF469295,,,,,,,,AT,TAT,,,,,T,,
MF469235,,,,,,,,AT,TAT,,,,,T,,
MF469184,,,,,,,,AT,TAT,,,,,T,,
MF469163,,,,,,,,AT,TAT,,,,,T,,
MF469415,,,,,,,,AT,TAT,,,,,T,,
MF469367,,,,,,,,AT,TAT,,,,,T,,
MF469316,,,,,,,,AT,TAT,,,,,T,,
MF469152,,,,,,,,AT,TAT,,,,,T,,
MF469326,,,,,,,,AT,TAT,,,,,T,,
MF469225,,,,,,,,AT,TAT,,,,,T,,
MF469407,,,,,,,,AT,TAT,,,,,T,,
MF469347,,,,,,,,AT,TAT,,,,,T,,
MF469283,,,,,,,,AT,TAT,,,,,T,,
MF469246,,,,,,,,AT,TAT,,,,,T,,
MW384292,,,,,,,,AT,TAT,,,,,T,,
KF371879,,,,,,,,AT,TAT,,,,,T,,
KF371932,,,,,,,,AT,TAT,,,,,T,,
KF371976,,,,,,,,AT,TAT,,,,,T,,
JN651874,,,,,,,,AT,,,,,,T,,
JQ087451,,,,,,,,AT,TAT,,,,,T,,
AB714262,,,,,,,,AT,TAT,,,,,,,
KJ583147,,,,,,,,AT,TAT,,,,,,,
KJ583136,,,,,,,,AT,TAT,,,,,,,
KC769333,,,,,,,,AT,,,,,,T,,
JQ898157,,,,,,,,AT,TAT,,,,,T,,
JX027726,,,,,,,,AT,TAT,,,,,T,,
JX027651,,,,,,,,AT,TAT,,,,,T,,
JF490503,,,,,,,,AT,TAT,,,,,T,,
JX027793,,,,,,,,AT,TAT,,,,,T,,
JX027760,,,,,,,,AT,TAT,,,,,T,,
KC769454,,,,,,,,AT,TAT,,,,,T,,
KC769432,,,,,,,,AT,TAT,,,,,T,,
JF490481,,,,,,,,AT,TAT,,,,,T,,
JF490448,,,,,,,,AT,TAT,,,,,T,,
JF490382,,,,,,,,AT,TAT,,,,,T,,
JF490459,,,,,,,,AT,TAT,,,,,T,,
JF490371,,,,,,,,AT,TAT,,,,,T,,
JX027644,,,,,,,,AT,TAT,,,,,T,,
JX027721,,,,,,,,AT,TAT,,,,,T,,
JX027672,,,,,,,,AT,TAT,,,,,T,,
JF490393,,,,,,,,AT,TAT,,,,,T,,
JF490470,,,,,,,,AT,TAT,,,,,T,,
JN258862,,,,,,,,AT,TAT,,,,,T,,
JF490495,,,,,,,,AT,TAT,,,,,T,,
HQ392071,,,,,,,,AT,TAT,,,,,T,,
JN258892,,,,,,,,AT,TAT,,,,,T,,
JN258878,,,,,,,,AT,TAT,,,,,T,,GT
HQ392154,,,,,,,,AT,TAT,,,,,T,,
KC769322,,,,,,,,AT,TAT,,,,,,,
HQ392368,,,,,,,,AT,TAT,,,,,T,,
JN258810,,,,,,,,AT,TAT,,,,,T,,
JN258790,,,,,,,,AT,TAT,,,,,T,,
KJ626610,,,,,,,,AT,TAT,,,,,T,,
KJ559035,,,,,,,,AT,TAT,,,,,T,,
HQ392280,,,,,,,,AT,TAT,,,,,T,,
JX027770,,,,,,,,AT,TAT,,,,,T,,
KC769399,,,,,,,,AT,TAT,,,,,T,,
KC769421,,,,,,,,AT,TAT,,,,,T,,
KC769300,,,,,,,,AT,TAT,,,,,T,,
KC769410,,,,,,,,AT,TAT,,,,,T,,
JX027782,,,,,,,,AT,TAT,,,,,T,,
JX027695,,,,,,,,AT,TAT,,,,,T,,
JX027738,,,,,,,,AT,TAT,,,,,T,,
KJ626735,,,,,,,,AT,TAT,,,,,T,,
KJ627095,,,,,,,,AT,TAT,,,,,T,,
KJ626688,,,,,,,,AT,TAT,,,,,T,,
KJ626922,,,,,,,,AT,TAT,,,,,T,,
KJ626497,,,,,,,,AT,TAT,,,,,T,,
KJ626530,,,,,,,,AT,TAT,,,,,T,,
KJ626757,,,,,,,,AT,TAT,,,,,T,,
KJ627053,,,,,,,,AT,TAT,,,,,T,,
KJ626780,,,,,,,,AT,TAT,,,,,T,,
KJ626971,,,,,,,,AT,TAT,,,,,T,,
KJ626554,,,,,,,,AT,TAT,,,,,T,,
JF490410,,,,,,,,AT,TAT,,,,,T,,
JX027811,,,,,,,,AT,TAT,,,,,T,,
KJ626588,,,,,,,,AT,TAT,,,,,T,,
HQ392247,,,,,,,,AT,TAT,,,,,T,,
HQ392048,,,,,,,,AT,TAT,,,,,T,,
KC769311,,,,,,,,AT,TAT,,,,,,,
KC769388,,,,,,,,AT,TAT,,,,,T,,
HQ392412,,,,,,,,AT,TAT,,,,,T,,
MF469215,,,,,,,,AT,TAT,,,,,T,,
LC028936,,,,,,,,AT,TAT,,,,,,,
KJ820842,,,,,,,,AT,TAT,,,,,T,,
KJ820875,,,,,,,,AT,TAT,,,,,T,,
KY657888,,,,,,,,AT,TAC,,,,,,,
KY657890,,,,,,,,AT,TAC,,,,,,,
KY657891,,,,,,,,AT,TAT,,,,,,,
KY657889,,,,,,,,AT,TAC,,,,,,,
KY657892,,,,,,,,AT,TAT,,,,,,,
KY657893,,,,,,,,AT,TAT,,,,,,,
JF490151,,,,,,,,AT,TAT,,,,,T,,
KF371714,,,,,,,,AT,TAT,,,,,T,,
KF371703,,,,,,,,AT,TAT,,,,,T,,
KF371965,,,,,,,,AT,TAT,,,,,T,,
KY657900,,,,,,,,AT,TAT,,,,,,,
KY657901,,,,,,,,AT,TAT,,,,,,,
KY657902,,,,,,,,AT,TAT,,,,,,,
KY657903,,,,,,,,AT,TAT,,,,,,,
KY657905,,,,,,,,AT,TAT,,,,,,,
KY657904,,,,,,,,AT,TAT,,,,,,,
JN635538,,,,,,,,AT,,,,,,G,,
KY657894,,,,,,,,AT,TAT,,,,,,,
KY657898,,,,,,,,AT,TCC,,,,,,,
KY657899,,,,,,,,AT,TCC,,,,,,,
KY657895,,,,,,,,AT,TCC,,,,,,,
KY657897,,,,,,,,AT,TCC,,,,,,,
KY657896,,,,,,,,AT,TCC,,,,,,,
JF490140,,,,,,,,AT,TAT,,,,,G,,
HQ127389,,,,,,,,AT,TAT,,,,,G,,
KJ626699,,,,,,,,AT,TAT,,,,,G,,
MK953590,,,,,,,,AT,TAT,,,,,T,,
MK953597,,,,,,,,AT,TAT,,,,,T,,
MK953592,,,,,,,,AT,TAT,,,,,T,,
MK953594,,,,,,,,AT,TAT,,,,,T,,
KJ751999,,,,,,,,AT,TAT,,,,,T,,
KP752785,,,,,,,,AT,TAT,,,,,T,,
JN258845,,,,,,,,AT,TAT,,,,,T,,
HQ127388,,,,,,,,AT,TCT,,,,,T,,
HQ127387,,,,,,,,AT,TCT,,,,,T,,
HQ127385,,,,,,,,AT,TCT,,,,,T,,
HQ127384,,,,,,,,AT,TCT,,,,,T,,
HQ127386,,,,,,,,AT,TCT,,,,,T,,
KX632348,,,,,,,,AT,TAT,,,,,T,,
KC174970,,,,,,,,AT,TGT,,,,,AGA,,
KC175110,,,,,,,,AT,TGT,,,,,AGA,,
KC175253,,,,,,,,AT,TGT,,,,,AGA,,
KC175187,,,,,,,,AT,TGT,,,,,AGA,,
KC175242,,,,,,,,AT,TGT,,,,,AGA,,
KC175143,,,,,,,,AT,TGT,,,,,AGA,,
KC175176,,,,,,,,AT,TGT,,,,,AGA,,
KC175056,,,,,,,,AT,TGT,,,,,AGA,,
KC175132,,,,,,,,AT,TGT,,,,,AGA,,
KC175034,,,,,,,,AT,TGT,,,,,AGA,,
KC174991,,,,,,,,AT,TGT,,,,,AGA,,
KC175198,,,,,,,,AT,TGT,,,,,AGA,,
KC175100,,,,,,,,AT,TGT,,,,,AGA,,
KC175001,,,,,,,,AT,TGT,,,,,AGA,,
KC174938,,,,,,,,AT,TGT,,,,,AGA,,
KC174949,,,,,,,,AT,TGT,,,,,AGA,,
KC175154,,,,,,,,AT,TGT,,,,,AGA,,
KC174960,,,,,,,,AT,TGT,,,,,AGA,,
KC175165,,,,,,,,AT,TGT,,,,,AGA,,
KC174905,,,,,,,,AT,TGT,,,,,AGA,,
KC175012,,,,,,,,AT,TGT,,,,,AGA,,
KC175045,,,,,,,,AT,TGT,,,,,AGA,,
KC174916,,,,,,,,AT,TGT,,,,,AGA,,
KC175023,,,,,,,,AT,TGT,,,,,AGA,,
KC175209,,,,,,,,AT,TGT,,,,,AGA,,
KC174927,,,,,,,,AT,TGT,,,,,AGA,,
KC175275,,,,,,,,AT,TGT,,,,,AGA,,
KC175231,,,,,,,,AT,TGT,,,,,AGA,,
KC175220,,,,,,,,AT,TGT,,,,,AGA,,
KC175067,,,,,,,,AT,TGT,,,,,AGA,,
KC175121,,,,,,,,AT,TGT,,,,,AGA,,
KC174894,,,,,,,,AT,TGT,,,,,AGA,,
KC174872,,,,,,,,AT,TGT,,,,,AGA,,
KC174883,,,,,,,,AT,TGT,,,,,AGA,,
KC174861,,,,,,,,AT,TGT,,,,,AGA,,
KC175078,,,,,,,,AT,TGT,,,,,AGA,,
KC175264,,,,,,,,AT,TGT,,,,,AGA,,
KC175089,,,,,,,,AT,TGT,,,,,AGA,,
MN066760,,,,,,,,AT,TGT,,,,,AGA,,
KC174980,,,,,,,,AT,TGT,,,,,AGG,,
JX040427,,,,,,,,AT,TAT,,,,,TAA,,
KJ501688,,,,,,,,AT,TAT,,,,,,,
GU189555,,,,,,,,AT,TAT,,,,,T,,
KF726061,,,,,,,,AT,TGT,,,,,T,,
LC600815,,,,,,,,AT,TGT,,,,,T,,
JQ715658,,,,,,,,AT,TGT,,,,,T,,
AB975785,,,,,,,,AT,TAT,,,,,,,
KC443582,,,,,,,,AT,TAT,,,,,T,,
MN066788,,,,,,,,AT,TAT,,,,,T,,
MN067160,,,,,,,,AT,TAT,,,,,T,,
MN066839,,,,,,,,AT,TAT,,,,,T,,
MN067168,,,,,,,,AT,TAT,,,,,T,,
MN066997,,,,,,,,AT,TAT,,,,,T,,
MN066988,,,,,,,,AT,TAT,,,,,T,,
MN066928,,,,,,,,AT,TAT,,,,,T,,
MN066968,,,,,,,,AT,TAT,,,,,T,,
MN066778,,,,,,,,AT,TAT,,,,,T,,
MN067185,,,,,,,,AT,TAT,,,,,T,,
MN067095,,,,,,,,AT,TAT,,,,,T,,
MN067015,,,,,,,,AT,TAT,,,,,T,,
MN067178,,,,,,,,AT,TAT,,,,,T,,
MN067086,,,,,,,,AT,TAT,,,,,T,,
MN067023,,,,,,,,AT,TAT,,,,,T,,
MN066884,,,,,,,,AT,TAT,,,,,T,,
MN067138,,,,,,,,AT,TAT,,,,,T,,
MN066893,,,,,,,,AT,TAT,,,,,T,,
MN066919,,,,,,,,AT,TAT,,,,,T,,
MN066902,,,,,,,,AT,TAT,,,,,T,,
KJ752090,,,,,,,,AT,TAT,,,,,T,,
KP752477,,,,,,,,AT,TAT,,,,,T,,
KJ751719,,,,,,,,AT,TAT,,,,,T,,
KJ752123,,,,,,,,AT,TAT,,,,,T,,
KJ751884,,,,,,,,AT,TAT,,,,,T,,
KJ753518,,,,,,,,AT,TAT,,,,,T,,
KP753229,,,,,,,,AT,TAT,,,,,T,,
KP752796,,,,,,,,AT,TAT,,,,,T,,
KP752654,,,,,,,,AT,TAT,,,,,T,,
KC443272,,,,,,,,AT,TAT,,,,,T,,
KC443228,,,,,,,,AT,TAT,,,,,T,,
KC443472,,,,,,,,AT,TAT,,,,,T,,
KC443250,,,,,,,,AT,TAT,,,,,T,,
KC443129,,,,,,,,AT,TAT,,,,,T,,
KC443747,,,,,,,,AT,TAT,,,,,T,,
KC443151,,,,,,,,AT,TAT,,,,,T,,
KC443637,,,,,,,,AT,TAT,,,,,T,,
KC571497,,,,,,,,AT,TAT,,,,,T,,
KC443384,,,,,,,,AT,TAT,,,,,T,,
KC443318,,,,,,,,AT,TAT,,,,,T,,
KC443758,,,,,,,,AT,TAT,,,,,T,,
KC443626,,,,,,,,AT,TAT,,,,,T,,
KC443329,,,,,,,,AT,TAT,,,,,T,,
KC443195,,,,,,,,AT,TAT,,,,,T,,
KX362586,,,,,,,,AT,TAT,,,,,T,,
AB975814,,,,,,,,AT,TAT,,,,,,,
AB975822,,,,,,,,AT,TAT,,,,,,,
AB975812,,,,,,,,AT,TAT,,,,,,,
AB975773,,,,,,,,AT,TAT,,,,,,,
AB975810,,,,,,,,AT,TAT,,,,,,,
AB975809,,,,,,,,AT,TAT,,,,,,,
AB975818,,,,,,,,AT,TAT,,,,,,,
AB975783,,,,,,,,AT,TAT,,,,,,,
AB975774,,,,,,,,AT,TAT,,,,,,,
AB975779,,,,,,,,AT,TAT,,,,,,,
AB975807,,,,,,,,AT,TAT,,,,,,,
AB975780,,,,,,,,AT,TAT,,,,,,,
AB975816,,,,,,,,AT,TAT,,,,,,,
AB975806,,,,,,,,AT,TAT,,,,,,,
AB975811,,,,,,,,AT,TAT,,,,,,,
AB975821,,,,,,,,AT,TAT,,,,,,,
AB975820,,,,,,,,AT,TAT,,,,,,,
AB975781,,,,,,,,AT,TAT,,,,,,,
AB975805,,,,,,,,AT,TAT,,,,,,,
AB975819,,,,,,,,AT,TAT,,,,,,,
AB975813,,,,,,,,AT,TAT,,,,,,,
AB975776,,,,,,,,AT,TAT,,,,,,,
AB975804,,,,,,,,AT,TAT,,,,,,,
AB975815,,,,,,,,AT,TAT,,,,,,,
AB975778,,,,,,,,AT,TAT,,,,,,,
AB975782,,,,,,,,AT,TAT,,,,,,,
AB975775,,,,,,,,AT,TAT,,,,,,,
AB975788,,,,,,,,AT,TAT,,,,,,,
AB975790,,,,,,,,AT,TAT,,,,,,,
AB975787,,,,,,,,AT,TAT,,,,,,,
AB975786,,,,,,,,AT,TAT,,,,,,,
AB975793,,,,,,,,AT,TAT,,,,,,,
AB975795,,,,,,,,AT,TAT,,,,,,,
AB975799,,,,,,,,AT,TAT,,,,,,,
AB975800,,,,,,,,AT,TAT,,,,,,,
AB975797,,,,,,,,AT,TAT,,,,,,,
AB975803,,,,,,,,AT,TAT,,,,,,,
AB975798,,,,,,,,AT,TAT,,,,,,,
AB975802,,,,,,,,AT,TAT,,,,,,,
AB975801,,,,,,,,AT,TAT,,,,,,,
AB975796,,,,,,,,AT,TAT,,,,,,,
AB975777,,,,,,,,AT,TAT,,,,,,,
AB975817,,,,,,,,AT,TAT,,,,,,,
AB975792,,,,,,,,AT,TAT,,,,,,,
AB975789,,,,,,,,AT,TAT,,,,,,,
AB975791,,,,,,,,AT,TAT,,,,,,,
AB975794,,,,,,,,AT,TAT,,,,,,,
AB975808,,,,,,,,AT,TAT,,,,,,,
AB975784,,,,,,,,AT,TAT,,,,,,,
MF044115,,,,,,,,AT,TAT,,,,,,,
LC465302,,,,,,,,AT,TAT,,,,,T,,
LC173481,,,,,,,,AT,TAT,,,,,T,,
LC462860,,,,,,,,AT,TAT,,,,,T,,
LC465823,,,,,,,,AT,TAT,,,,,T,,
LC173401,,,,,,,,AT,TAT,,,,,T,,
LC465247,,,,,,,,AT,TAT,,,,,T,,
LC463208,,,,,,,,AT,TAT,,,,,T,,
LC386071,,,,,,,,AT,TAT,,,,,T,,
LC463265,,,,,,,,AT,TAT,,,,,T,C,
LC463276,,,,,,,,AT,TAT,,,,,T,C,
KX362739,,,,,,,,AT,TAT,,,,,T,,
LC102901,,,,,,,,AT,TAT,,,,,T,,
LC102912,,,,,,,,AT,TAT,,,,,T,,
LC102934,,,,,,,,AT,TAT,,,,,T,,
LC102956,,,,,,,,AT,TAT,,,,,T,,
LC102989,,,,,,,,AT,TAT,,,,,T,,
LC103000,,,,,,,,AT,TAT,,,,,T,,
LC102967,,,,,,,,AT,TAT,,,,,T,,
LC103022,,,,,,,,AT,TAT,,,,,T,,
LC102923,,,,,,,,AT,TAT,,,,,T,,
LC102978,,,,,,,,AT,TAT,,,,,T,,
LC103011,,,,,,,,AT,TAT,,,,,T,,
LC103044,,,,,,,,AT,TAT,,,,,T,,
LC102945,,,,,,,,AT,TAT,,,,,T,,
LC103033,,,,,,,,AT,TAT,,,,,T,,
LC102890,,,,,,,,AT,TAT,,,,,T,,
LC105006,,,,,,,,AT,TAT,,,,,T,,
LC105429,,,,,,,,AT,TAT,,,,,T,,
MF044137,,,,,,,,AT,TAT,,,,,T,,
MF044148,,,,,,,,AT,TAT,,,,,T,,
MF044159,,,,,,,,AT,TAT,,,,,T,,
LC542290,,,,,,,,AT,TAT,,,,,T,,
LC542377,,,,,,,,AT,TAT,,,,,T,,
LC542553,,,,,,,,AT,TAT,,,,,T,,
LC542564,,,,,,,,AT,TAT,,,,,T,,
LC542575,,,,,,,,AT,TAT,,,,,T,,
LC542333,,,,,,,,AT,TAT,,,,,T,,
LC542487,,,,,,,,AT,TAT,,,,,T,,
LC542355,,,,,,,,AT,TAT,,,,,T,,
LC542465,,,,,,,,AT,TAT,,,,,T,,
LC542230,,,,,,,,AT,TAT,,,,,T,,
LC542208,,,,,,,,AT,TAT,,,,,T,,
LC542197,,,,,,,,AT,TAT,,,,,T,,
LC542311,,,,,,,,AT,TAT,,,,,T,,
LC542388,,,,,,,,AT,TAT,,,,,T,,
LC542498,,,,,,,,AT,TAT,,,,,T,,
LC542542,,,,,,,,AT,TAT,,,,,T,,
LC542322,,,,,,,,AT,TAT,,,,,T,,
LC542531,,,,,,,,AT,TAT,,,,,T,,
LC542268,,,,,,,,AT,TAT,,,,,T,,
LC542399,,,,,,,,AT,TAT,,,,,T,,
LC542279,,,,,,,,AT,TAT,,,,,T,,
LC542432,,,,,,,,AT,TAT,,,,,T,,
LC542476,,,,,,,,AT,TAT,,,,,T,,
LC542219,,,,,,,,AT,TAT,,,,,T,,
LC542421,,,,,,,,AT,TAT,,,,,T,,
LC542586,,,,,,,,AT,TAT,,,,,T,,
LC542443,,,,,,,,AT,TAT,,,,,T,,
MF044170,,,,,,,,AT,TAT,,,,,T,,
MF044082,,,,,,,,AT,TAT,,,,,T,,
MF044104,,,,,,,,AT,TAT,,,,,T,,
LC542246,,,,,,,,AT,TAT,,,,,T,,
MZ096459,,,,,,,,AT,TAT,,,,,,,
MZ096470,,,,,,,,AT,TAT,,,,,,,
MF044126,,,,,,,,AT,TAT,,,,,T,,
LC105251,,,,,,,,AT,TAT,,,,,T,,
KX362794,,,,,,,,AT,TAT,,,,,T,,
KX362706,,,,,,,,AT,TAT,,,,,T,,
LC541933,,,,,,,,AT,TAT,,,,,T,,
LC541988,,,,,,,,AT,TAT,,,,,T,,
LC542054,,,,,,,,AT,TAT,,,,,T,,
LC542043,,,,,,,,AT,TAT,,,,,T,,
LC541944,,,,,,,,AT,TAT,,,,,T,,
LC541966,,,,,,,,AT,TAT,,,,,T,,
LC542010,,,,,,,,AT,TAT,,,,,T,,
LC541955,,,,,,,,AT,TAT,,,,,T,,
LC542087,,,,,,,,AT,TAT,,,,,T,,
LC542098,,,,,,,,AT,TAT,,,,,T,,
LC542109,,,,,,,,AT,TAT,,,,,T,,
LC541999,,,,,,,,AT,TAT,,,,,T,,
LC542120,,,,,,,,AT,TAT,,,,,T,,
LC542021,,,,,,,,AT,TAT,,,,,T,,
LC541977,,,,,,,,AT,TAT,,,,,T,,
KX880431,,,,,,,,AT,TAT,,,,,T,,
KY000552,,,,,,,,AT,TAT,,,,,T,,
JX965147,,,,,,,,AT,TAT,,,,,T,,
MZ094846,,,,,,,,AT,TAT,,,,,,,
MZ094518,,,,,,,,AT,TAT,,,,,,,
MZ094705,,,,,,,,AT,TAT,,,,,,,
MZ094121,,,,,,,,AT,TAT,,,,,,,
MZ094187,,,,,,,,AT,TAT,,,,,,,
MZ094198,,,,,,,,AT,TAT,,,,,,,
MZ094230,,,,,,,,AT,TAT,,,,,,,
MZ094241,,,,,,,,AT,TAT,,,,,,,
MZ094312,,,,,,,,AT,TAT,,,,,,,
MZ093977,,,,,,,,AT,TAT,,,,,,,
MZ097258,,,,,,,,AT,TAT,,,,,,,
MZ096018,,,,,,,,AT,TAT,,,,,,,
MZ096073,,,,,,,,AT,TAT,,,,,,,
MZ096084,,,,,,,,AT,TAT,,,,,,,
MZ096932,,,,,,,,AT,TAT,,,,,,,
MZ096921,,,,,,,,AT,TAT,,,,,,,
MZ096128,,,,,,,,AT,TAT,,,,,,,
MZ096106,,,,,,,,AT,TAT,,,,,,,
MZ096095,,,,,,,,AT,TAT,,,,,,,
MZ096139,,,,,,,,AT,TAT,,,,,,,
MZ096150,,,,,,,,AT,TAT,,,,,,,
MZ096943,,,,,,,,AT,TAT,,,,,,,
MZ094419,,,,,,,,AT,TAT,,,,,,,
MZ096062,,,,,,,,AT,TAT,,,,,,,
MZ096117,,,,,,,,AT,TAT,,,,,,,
MZ096910,,,,,,,,AT,TAT,,,,,,,
MZ094252,,,,,,,,AT,TAT,,,,,,,
MZ094060,,,,,,,,AT,TAT,,,,,,,
MZ094268,,,,,,,,AT,TAT,,,,,,,
MZ093999,,,,,,,,AT,TAT,,,,,,,
MZ094365,,,,,,,,AT,TAT,,,,,,,
MZ094028,,,,,,,,AT,TAT,,,,,,,
MZ096954,,,,,,,,AT,TAT,,,,,,,
MZ094408,,,,,,,,AT,TAT,,,,,,,
MZ095996,,,,,,,,AT,TAT,,,,,,,
MZ096040,,,,,,,,AT,TAT,,,,,,,
KP170866,,,,,,,,AT,TAT,,,,,,,
KP170863,,,,,,,,AT,TAT,,,,,,,
KU360960,,,,,,,,AT,TAT,,,,,T,,
KU360962,,,,,,,,AT,TAT,,,,,T,,
KU360961,,,,,,,,AT,TAT,,,,,T,,
KP170865,,,,,,,,AT,TAT,,,,,,,
KP170864,,,,,,,,AT,TAT,,,,,,,
JQ358770,,,,,,,,AT,TAT,,,,,,,
MZ095142,,,,,,,,AT,TAT,,,,,,,
MZ095164,,,,,,,,AT,TAT,,,,,,,
MZ095186,,,,,,,,AT,TAT,,,,,,,
MZ095163,,,,,,,,AT,TAT,,,,,,,
MZ096965,,,,,,,,AT,TAT,,,,,,,
JX965145,,,,,,,,AT,TAT,,,,,T,,
KP170859,,,,,,,,AT,TAT,,,,,,,
KP170862,,,,,,,,AT,TAT,,,,,,,
KP170860,,,,,,,,AT,TAT,,,,,,,
KP170861,,,,,,,,AT,TAT,,,,,,,
JN116537,,,,,,,,AT,TAT,,,,,,,
KJ752178,,,,,,,,AT,TAT,,,,,T,,
KP753140,,,,,,,,AT,TAT,,,,,T,,
KP752807,,,,,,,,AT,TGT,,,,,T,,
KP752966,,,,,,,,AT,TAT,,,,,T,,
KJ752613,,,,,,,,AT,TAT,,,,,T,,
KJ753782,,,,,,,,AT,TAT,,,,,T,,
KJ752345,,,,,,,,AT,TAT,,,,,T,,
KP752688,,,,,,,,AT,TAT,,,,,T,,
KJ752112,,,,,,,,AT,TAT,,,,,T,,
KJ752156,,,,,,,,AT,TAT,,,,,T,,
KJ583191,,,,,,,,AT,TAT,,,,,,,
KJ583180,,,,,,,,AT,TAT,,,,,,,
KJ752389,,,,,,,,AT,TAT,,,,,T,,
KP752443,,,,,,,,AT,TAT,,,,,T,,
KP752500,,,,,,,,AT,TAT,,,,,T,,
LC406792,,,,,,,,AT,TAT,,,,,T,,
KF636352,,,,,,,,AT,TAT,,,,,T,,
KF636306,,,,,,,,AT,TAT,,,,,T,,
KJ753806,,,,,,,,AT,TAT,,,,,T,,
KJ752453,,,,,,,,AT,TAT,,,,,T,,
KJ752200,,,,,,,,AT,TAT,,,,,T,,
KJ751597,,,,,,,,AT,TAT,,,,,T,,
KJ751608,,,,,,,,AT,TAT,,,,,T,,
KP752566,,,,,,,,AT,TAT,,,,,T,,
LC406814,,,,,,,,AT,TAT,,,,,T,,
MZ093988,,,,,,,,AT,TAT,,,,,,,
MZ093885,,,,,,,,AT,TAT,,,,,,,
MZ094279,,,,,,,,AT,TAT,,,,,,,
MZ094039,,,,,,,,AT,TAT,,,,,,,
MZ094334,,,,,,,,AT,TAT,,,,,,,
MZ094071,,,,,,,,AT,TAT,,,,,,,
MZ094301,,,,,,,,AT,TAT,,,,,,,
MZ093924,,,,,,,,AT,TAT,,,,,,,
MZ094093,,,,,,,,AT,TAT,,,,,,,
MZ094290,,,,,,,,AT,TAT,,,,,,,
MZ097206,,,,,,,,AT,TAT,,,,,,,
MZ094345,,,,,,,,AT,TAT,,,,,,,
MZ094386,,,,,,,,AT,TAT,,,,,,,
MZ093630,,,,,,,,AT,TAT,,,,,,,
MZ093641,,,,,,,,AT,TAT,,,,,,,
MZ094132,,,,,,,,AT,TAT,,,,,,,
MZ094354,,,,,,,,AT,TAT,,,,,,,
MZ097185,,,,,,,,AT,TAT,,,,,,,
MZ097217,,,,,,,,AT,TAT,,,,,,,
MZ094220,,,,,,,,AT,TAT,,,,,,,
MZ094143,,,,,,,,AT,TAT,,,,,,,
MZ094154,,,,,,,,AT,TAT,,,,,,,
MZ094165,,,,,,,,AT,TAT,,,,,,,
MZ093674,,,,,,,,AT,TAT,,,,,,,
MZ094397,,,,,,,,AT,TAT,,,,,,,
MZ097238,,,,,,,,AT,TAT,,,,,,,
MZ094050,,,,,,,,AT,TAT,,,,,,,
MZ094104,,,,,,,,AT,TAT,,,,,,,
MZ093966,,,,,,,,AT,TAT,,,,,,,
MZ097196,,,,,,,,AT,TAT,,,,,,,
MZ094176,,,,,,,,AT,TAT,,,,,,,
MZ094323,,,,,,,,AT,TAT,,,,,,,
MZ094082,,,,,,,,AT,TAT,,,,,,,
MZ097163,,,,,,,,AT,TAT,,,,,,,
MZ096547,,,,,,,,AT,TAT,,,,,,,
MZ096580,,,,,,,,AT,TAT,,,,,,,
MZ094019,,,,,,,,AT,TAT,,,,,,,
MZ093726,,,,,,,,AT,TAT,,,,,,,
MZ093956,,,,,,,,AT,TAT,,,,,,,
MZ094209,,,,,,,,AT,TAT,,,,,,,
MZ094376,,,,,,,,AT,TAT,,,,,,,
MG181816,,,,,,,,AT,TAT,,,,,T,,
KJ752657,,,,,,,,AT,TAT,,,,,T,,
KF636317,,,,,,,,AT,TAT,,,,,T,,
KJ752400,,,,,,,,AT,TAT,,,,,T,,
KJ753099,,,,,,,,AT,TAT,,,,,T,,
KJ753600,,,,,,,,AT,TAT,,,,,T,,
KC443239,,,,,,,,AT,TAT,,,,,T,,
KC443505,,,,,,,,AT,TAT,,,,,T,,
KC443560,,,,,,,,AT,TAT,,,,,T,,
KC443294,,,,,,,,AT,TAT,,,,,T,,
KC443395,,,,,,,,AT,TAT,,,,,T,,
KC443461,,,,,,,,AT,TAT,,,,,T,,
KC443659,,,,,,,,AT,TAT,,,,,T,,
KC443692,,,,,,,,AT,TAT,,,,,T,,
KJ753000,,,,,,,,AT,TAT,,,,,T,,
KP752715,,,,,,,,AT,TAT,,,,,T,,
KP752727,,,,,,,,AT,TAT,,,,,T,,
KC443261,,,,,,,,AT,TAT,,,,,T,,
KC443549,,,,,,,,AT,TAT,,,,,T,,
KC443615,,,,,,,,AT,TAT,,,,,T,,
KC443406,,,,,,,,AT,TAT,,,,,T,,
KC443206,,,,,,,,AT,TAT,,,,,T,,
KC443373,,,,,,,,AT,TAT,,,,,T,,
JX965146,,,,,,,,AT,TAT,,,,,T,,
MW275252,,,,,,,,AT,TAT,,,,,T,,
MW275263,,,,,,,,AT,TAT,,,,,T,,
MW275274,,,,,,,,AT,TAT,,,,,T,,
MZ093766,,,,,,,,AT,TAT,,,,,,,
MZ093777,,,,,,,,AT,TAT,,,,,,,
MZ093831,,,,,,,,AT,TAT,,,,,,,
MZ097247,,,,,,,,AT,TAT,,,,,,,
MZ093788,,,,,,,,AT,TAT,,,,,,,
KJ752211,,,,,,,,AT,TAT,,,,,T,,
KJ752503,,,,,,,,AT,TAT,,,,,T,,
KJ751697,,,,,,,,AT,TAT,,,,,T,,
KJ751807,,,,,,,,AT,TAT,,,,,T,,
KJ752679,,,,,,,,AT,TAT,,,,,T,,
KJ753309,,,,,,,,AT,TAT,,,,,T,,
KJ751664,,,,,,,,AT,TAT,,,,,T,,
KJ751653,,,,,,,,AT,TAT,,,,,T,,
KP752455,,,,,,,,AT,TAT,,,,,T,,
MT339200,,,,,,,,AT,TAT,,,,,T,,
KJ627004,,,,,,,,AT,TAT,,,,,T,,
KC443340,,,,,,,,AT,TAT,,,,,T,,
KC443184,,,,,,,,AT,TAT,,,,,T,,
KC443538,,,,,,,,AT,TAT,,,,,T,,
KC443173,,,,,,,,AT,TAT,,,,,T,,
KC443703,,,,,,,,AT,TAT,,,,,T,,
KC443494,,,,,,,,AT,TAT,,,,,T,,
KC443140,,,,,,,,AT,TAT,,,,,T,,
KC443417,,,,,,,,AT,TAT,,,,,T,,
KC443283,,,,,,,,AT,TAT,,,,,T,,
KC443439,,,,,,,,AT,TAT,,,,,T,,
KC443162,,,,,,,,AT,TAT,,,,,T,,
KC443428,,,,,,,,AT,TAT,,,,,T,,
KC443725,,,,,,,,AT,TAT,,,,,T,,
KC443681,,,,,,,,AT,TAT,,,,,T,,
KC443516,,,,,,,,AT,TAT,,,,,T,,
KJ626960,,,,,,,,AT,TAT,,,,,T,,
KJ626768,,,,,,,,AT,TAT,,,,,T,,
KJ626710,,,,,,,,AT,TAT,,,,,T,,
KJ626854,,,,,,,,AT,TAT,,,,,T,,
KJ626599,,,,,,,,AT,TAT,,,,,T,,
KJ626746,,,,,,,,AT,TAT,,,,,T,,
KJ626565,,,,,,,,AT,TAT,,,,,T,,
KJ626824,,,,,,,,AT,TAT,,,,,T,,
KJ626721,,,,,,,,AT,TAT,,,,,T,,
KJ627156,,,,,,,,AT,TAT,,,,,T,,
KJ626933,,,,,,,,AT,TAT,,,,,T,,
KJ412537,,,,,,,,AT,TAT,,,,,T,,
KJ412770,,,,,,,,AT,TAT,,,,,T,,
KJ626982,,,,,,,,AT,TAT,,,,,T,,
KJ626993,,,,,,,,AT,TAT,,,,,T,,
KJ626888,,,,,,,,AT,TAT,,,,,T,,
KC443351,,,,,,,,AT,TAT,,,,,T,,
MF168158,,,,,,,,AT,TAT,,,,,T,,
MF168267,,,,,,,,AT,TAT,,,,,T,,
KT918441,,,,,,,,AT,TAT,,,,,T,,
KT918837,,,,,,,,AT,TAT,,,,,T,,
MF167960,,,,,,,,AT,TAT,,,,,T,,
MF469130,,,,,,,,AT,TAT,,,,,T,,
LC173583,,,,,,,,AT,TAT,,,,,T,,
LC105231,,,,,,,,AT,TAT,,,,,T,,
LC105158,,,,,,,,AT,TAT,,,,,T,,
LC105083,,,,,,,,AT,TAT,,,,,T,,
LC105072,,,,,,,,AT,TAT,,,,,T,,
LC105287,,,,,,,,AT,TAT,,,,,T,,
LC105169,,,,,,,,AT,TAT,,,,,T,,
LC105105,,,,,,,,AT,TAT,,,,,T,,
LC105136,,,,,,,,AT,TAT,,,,,T,,
LC105147,,,,,,,,AT,TAT,,,,,T,,
KC834696,,,,,,,,AT,TAT,,,,,T,,
KC834698,,,,,,,,AT,TAT,,,,,T,,
KC443736,,,,,,,,AT,TAT,,,,,T,,
KC443305,,,,,,,,AT,TAT,,,,,T,,
KC443670,,,,,,,,AT,TAT,,,,,T,,
KC443604,,,,,,,,AT,TAT,,,,,T,,
KC443714,,,,,,,,AT,TAT,,,,,T,,
KC443527,,,,,,,,AT,TAT,,,,,T,,
KC443648,,,,,,,,AT,TAT,,,,,T,,
KC443769,,,,,,,,AT,TAT,,,,,T,,
KC443217,,,,,,,,AT,TAT,,,,,T,,
KC443362,,,,,,,,AT,TAT,,,,,T,,
KX362673,,,,,,,,AT,TAT,,,,,T,,
KX362651,,,,,,,,AT,TAT,,,,,T,,
KX362640,,,,,,,,AT,TAT,,,,,T,,
KX363225,,,,,,,,AT,TAT,,,,,,,
KX362717,,,,,,,,AT,TAT,,,,,T,,
KX362662,,,,,,,,AT,TAT,,,,,T,,
KX362827,,,,,,,,AT,TAT,,,,,T,,
KX363204,,,,,,,,AT,TAT,,,,,T,,
KF636339,,,,,,,,AT,TAT,,,,,T,,
KJ753396,,,,,,,,AT,TAT,,,,,T,,
KC834697,,,,,,,,AT,TAT,,,,,T,,
KY657918,,,,,,,,AT,TAT,,,,,,,
KY657919,,,,,,,,AT,TAT,,,,,,,
KY657920,,,,,,,,AT,TAT,,,,,,,
MT005304,,,,,,,,AT,TAT,,,,,T,,
KU360966,,,,,,,,AT,TAT,,,,,T,,
KU360964,,,,,,,,AT,TAT,,,,,T,,
KU360963,,,,,,,,AT,TAT,,,,,T,,
KU360967,,,,,,,,AT,TAT,,,,,T,,
KU360965,,,,,,,,AT,TAT,,,,,T,,
KU360969,,,,,,,,AT,TAT,,,,,T,,
KU360970,,,,,,,,AT,TAT,,,,,T,,
LC542186,,,,,,,,AT,TAT,,,,,T,,
LC542709,,,,,,,,AT,TAT,,,,,T,,
LC542720,,,,,,,,AT,TAT,,,,,T,,
LC465291,,,,,,,,AT,TAT,,,,,T,,
LC468241,,,,,,,,AT,TAT,,,,,T,,
KY657912,,,,,,,,AT,TAT,,,,,,,
KY657913,,,,,,,,AT,TAT,,,,,,,
KY657914,,,,,,,,AT,TAT,,,,,,,
KY657915,,,,,,,,AT,TAT,,,,,,,
KY657916,,,,,,,,AT,TAT,,,,,,,
KY657917,,,,,,,,AT,TAT,,,,,,,
JQ715656,,,,,,,,AT,TAT,,,,,,,
JQ715655,,,,,,,,AT,TAT,,,,,,,
JQ715657,,,,,,,,AT,TAT,,,,,,,
KJ753352,,,,,,,,AT,TAT,,,,,T,,
KY657906,,,,,,,,AT,TAT,,,,,,,
KY657907,,,,,,,,AT,TAT,,,,,,,
KY657908,,,,,,,,AT,TAT,,,,,,,
KY657909,,,,,,,,AT,TAT,,,,,,,
KY657910,,,,,,,,AT,TAT,,,,,,,
KY657911,,,,,,,,AT,TAT,,,,,,,
KY634733,,,,,,,,AT,TAT,,,,,T,,
KY634681,,,,,,,,AT,TAT,,,,,T,,
KY634787,,,,,,,,AT,TAT,,,,,T,,
KY634767,,,,,,,,AT,TAT,,,,,T,,
KY634711,,,,,,,,AT,TAT,,,,,T,,
KY634744,,,,,,,,AT,,,,,,,,
KY634821,,,,,,,,AT,TAT,,,,,T,,
KY634839,,,,,,,,AT,TAT,,,,,T,,
KY634850,,,,,,,,AT,TAT,,,,,T,,
KY657921,,,,,,,,AT,TAT,,,,,,,
KY657922,,,,,,,,AT,TAT,,,,,,,
KY657923,,,,,,,,AT,TAT,,,,,,,
KY634670,,,,,,,,AT,TAT,,,,,,,
KY634798,,,,,,,,AT,TAT,,,,,T,,
KF726039,,,,,,,,GT,TAT,,,,,T,,
LC000539,,,,,,,,GT,TAT,,,,,T,,
LC061628,,,,,,,,GT,TAT,,,,,T,,
KT919498,,,,,,,,GT,TAT,,,,,T,,
MZ097269,,,,,,,,GT,TAT,,,,,,,
KU740014,,,,,,,,AC,TGT,,,,,,,
LC190492,,,,,,,,AC,TGT,,,,,TGT,,
JQ898158,,,,,,,,GC,TGT,,,,,T,,
KX362575,,,,,,,,AG,TAT,,,,,T,,
JN651879,,,,,,,,,,,,,,T,,
JN651857,,,,,,,,,,,,,,T,,
JN651813,,,,,,,,,,,,,,T,,
JN651846,,,,,,,,,,,,,,T,,
KY634637,,,,,,,,,,,,,,T,,
